Order_Item_ID,Order_ID,Product_ID,Quantity,Unit_Price,Discount,Subtotal,Discount_Amount,Total
1,ORD00001,P0039,3,29.99,0.15,89.97,13.5,76.47
2,ORD00001,P0026,2,69.99,0.0,139.98,0.0,139.98
3,ORD00001,P0006,4,79.99,0.05,319.96,16.0,303.96
4,ORD00001,P0008,2,45.99,0.05,91.98,4.6,87.38
5,ORD00002,P0022,4,19.99,0.0,79.96,0.0,79.96
6,ORD00002,P0008,4,45.99,0.05,183.96,9.2,174.76
7,ORD00002,P0023,4,9.99,0.1,39.96,4.0,35.96
8,ORD00003,P0021,3,499.99,0.0,1499.97,0.0,1499.97
9,ORD00003,P0049,3,19.99,0.0,59.97,0.0,59.97
10,ORD00003,P0014,3,24.99,0.05,74.97,3.75,71.22
11,ORD00003,P0006,2,79.99,0.15,159.98,24.0,135.98
12,ORD00003,P0018,2,189.99,0.15,379.98,57.0,322.98
13,ORD00004,P0013,1,12.99,0.0,12.99,0.0,12.99
14,ORD00004,P0040,1,6.99,0.0,6.99,0.0,6.99
15,ORD00005,P0004,2,89.99,0.15,179.98,27.0,152.98
16,ORD00005,P0048,2,34.99,0.1,69.98,7.0,62.98
17,ORD00005,P0044,2,9.99,0.0,19.98,0.0,19.98
18,ORD00006,P0020,4,14.99,0.0,59.96,0.0,59.96
19,ORD00006,P0038,3,12.99,0.1,38.97,3.9,35.07
20,ORD00006,P0007,4,149.99,0.1,599.96,60.0,539.96
21,ORD00007,P0030,2,15.99,0.0,31.98,0.0,31.98
22,ORD00008,P0050,4,39.99,0.1,159.96,16.0,143.96
23,ORD00008,P0031,4,299.99,0.0,1199.96,0.0,1199.96
24,ORD00008,P0011,2,15.99,0.1,31.98,3.2,28.78
25,ORD00008,P0023,1,9.99,0.1,9.99,1.0,8.99
26,ORD00008,P0010,2,499.99,0.0,999.98,0.0,999.98
27,ORD00009,P0028,4,12.99,0.2,51.96,10.39,41.57
28,ORD00009,P0043,3,8.99,0.15,26.97,4.05,22.92
29,ORD00010,P0004,4,89.99,0.0,359.96,0.0,359.96
30,ORD00010,P0008,4,45.99,0.0,183.96,0.0,183.96
31,ORD00010,P0029,2,29.99,0.0,59.98,0.0,59.98
32,ORD00010,P0037,1,24.99,0.05,24.99,1.25,23.74
33,ORD00010,P0026,3,69.99,0.0,209.97,0.0,209.97
34,ORD00011,P0001,2,1299.99,0.05,2599.98,130.0,2469.98
35,ORD00011,P0032,3,249.99,0.25,749.97,187.49,562.48
36,ORD00011,P0017,3,32.99,0.05,98.97,4.95,94.02
37,ORD00011,P0016,4,25.99,0.0,103.96,0.0,103.96
38,ORD00012,P0044,4,9.99,0.15,39.96,5.99,33.97
39,ORD00012,P0040,3,6.99,0.0,20.97,0.0,20.97
40,ORD00012,P0049,3,19.99,0.0,59.97,0.0,59.97
41,ORD00012,P0046,1,79.99,0.0,79.99,0.0,79.99
42,ORD00013,P0035,2,129.99,0.2,259.98,52.0,207.98
43,ORD00013,P0048,2,34.99,0.15,69.98,10.5,59.48
44,ORD00014,P0022,3,19.99,0.2,59.97,11.99,47.98
45,ORD00015,P0012,3,8.99,0.15,26.97,4.05,22.92
46,ORD00015,P0028,2,12.99,0.05,25.98,1.3,24.68
47,ORD00015,P0016,1,25.99,0.0,25.99,0.0,25.99
48,ORD00015,P0014,4,24.99,0.0,99.96,0.0,99.96
49,ORD00016,P0002,4,29.99,0.1,119.96,12.0,107.96
50,ORD00016,P0030,3,15.99,0.15,47.97,7.2,40.77
51,ORD00016,P0024,4,24.99,0.0,99.96,0.0,99.96
52,ORD00016,P0032,2,249.99,0.05,499.98,25.0,474.98
53,ORD00017,P0043,3,8.99,0.05,26.97,1.35,25.62
54,ORD00018,P0048,4,34.99,0.15,139.96,20.99,118.97
55,ORD00018,P0014,4,24.99,0.05,99.96,5.0,94.96
56,ORD00018,P0005,4,349.99,0.1,1399.96,140.0,1259.96
57,ORD00019,P0013,3,12.99,0.2,38.97,7.79,31.18
58,ORD00019,P0021,3,499.99,0.1,1499.97,150.0,1349.97
59,ORD00019,P0019,2,75.99,0.05,151.98,7.6,144.38
60,ORD00020,P0023,4,9.99,0.1,39.96,4.0,35.96
61,ORD00020,P0022,4,19.99,0.15,79.96,11.99,67.97
62,ORD00020,P0038,1,12.99,0.0,12.99,0.0,12.99
63,ORD00021,P0035,2,129.99,0.1,259.98,26.0,233.98
64,ORD00021,P0045,2,4.99,0.25,9.98,2.5,7.48
65,ORD00021,P0028,1,12.99,0.2,12.99,2.6,10.39
66,ORD00022,P0034,4,89.99,0.15,359.96,53.99,305.97
67,ORD00022,P0024,4,24.99,0.0,99.96,0.0,99.96
68,ORD00022,P0012,4,8.99,0.2,35.96,7.19,28.77
69,ORD00022,P0050,3,39.99,0.15,119.97,18.0,101.97
70,ORD00023,P0039,2,29.99,0.05,59.98,3.0,56.98
71,ORD00024,P0033,2,149.99,0.0,299.98,0.0,299.98
72,ORD00025,P0032,1,249.99,0.1,249.99,25.0,224.99
73,ORD00025,P0047,2,24.99,0.05,49.98,2.5,47.48
74,ORD00026,P0011,1,15.99,0.15,15.99,2.4,13.59
75,ORD00026,P0016,2,25.99,0.05,51.98,2.6,49.38
76,ORD00027,P0012,3,8.99,0.2,26.97,5.39,21.58
77,ORD00028,P0025,2,45.99,0.0,91.98,0.0,91.98
78,ORD00029,P0037,2,24.99,0.1,49.98,5.0,44.98
79,ORD00030,P0037,2,24.99,0.05,49.98,2.5,47.48
80,ORD00030,P0022,3,19.99,0.1,59.97,6.0,53.97
81,ORD00031,P0024,1,24.99,0.0,24.99,0.0,24.99
82,ORD00032,P0047,3,24.99,0.05,74.97,3.75,71.22
83,ORD00032,P0007,3,149.99,0.0,449.97,0.0,449.97
84,ORD00032,P0043,1,8.99,0.05,8.99,0.45,8.54
85,ORD00033,P0023,2,9.99,0.15,19.98,3.0,16.98
86,ORD00033,P0005,2,349.99,0.0,699.98,0.0,699.98
87,ORD00034,P0021,3,499.99,0.15,1499.97,225.0,1274.97
88,ORD00034,P0006,1,79.99,0.2,79.99,16.0,63.99
89,ORD00034,P0029,3,29.99,0.0,89.97,0.0,89.97
90,ORD00035,P0007,2,149.99,0.05,299.98,15.0,284.98
91,ORD00035,P0037,2,24.99,0.2,49.98,10.0,39.98
92,ORD00035,P0006,4,79.99,0.0,319.96,0.0,319.96
93,ORD00035,P0041,3,11.99,0.1,35.97,3.6,32.37
94,ORD00036,P0003,3,12.99,0.0,38.97,0.0,38.97
95,ORD00036,P0039,1,29.99,0.2,29.99,6.0,23.99
96,ORD00036,P0050,4,39.99,0.0,159.96,0.0,159.96
97,ORD00036,P0006,4,79.99,0.25,319.96,79.99,239.97
98,ORD00036,P0005,2,349.99,0.0,699.98,0.0,699.98
99,ORD00037,P0032,3,249.99,0.0,749.97,0.0,749.97
100,ORD00037,P0014,4,24.99,0.1,99.96,10.0,89.96
101,ORD00038,P0005,2,349.99,0.1,699.98,70.0,629.98
102,ORD00038,P0025,3,45.99,0.0,137.97,0.0,137.97
103,ORD00038,P0027,2,59.99,0.05,119.98,6.0,113.98
104,ORD00038,P0007,1,149.99,0.15,149.99,22.5,127.49
105,ORD00038,P0016,3,25.99,0.05,77.97,3.9,74.07
106,ORD00039,P0021,3,499.99,0.0,1499.97,0.0,1499.97
107,ORD00040,P0021,4,499.99,0.05,1999.96,100.0,1899.96
108,ORD00041,P0045,4,4.99,0.0,19.96,0.0,19.96
109,ORD00041,P0047,2,24.99,0.15,49.98,7.5,42.48
110,ORD00042,P0008,3,45.99,0.05,137.97,6.9,131.07
111,ORD00043,P0015,1,18.99,0.1,18.99,1.9,17.09
112,ORD00043,P0031,2,299.99,0.0,599.98,0.0,599.98
113,ORD00043,P0042,2,5.99,0.15,11.98,1.8,10.18
114,ORD00044,P0008,4,45.99,0.0,183.96,0.0,183.96
115,ORD00044,P0020,1,14.99,0.0,14.99,0.0,14.99
116,ORD00045,P0012,3,8.99,0.05,26.97,1.35,25.62
117,ORD00045,P0002,1,29.99,0.0,29.99,0.0,29.99
118,ORD00045,P0043,2,8.99,0.05,17.98,0.9,17.08
119,ORD00045,P0007,2,149.99,0.1,299.98,30.0,269.98
120,ORD00045,P0024,3,24.99,0.0,74.97,0.0,74.97
121,ORD00046,P0011,1,15.99,0.0,15.99,0.0,15.99
122,ORD00047,P0006,3,79.99,0.15,239.97,36.0,203.97
123,ORD00047,P0007,2,149.99,0.05,299.98,15.0,284.98
124,ORD00047,P0041,4,11.99,0.05,47.96,2.4,45.56
125,ORD00047,P0030,1,15.99,0.15,15.99,2.4,13.59
126,ORD00048,P0035,4,129.99,0.05,519.96,26.0,493.96
127,ORD00048,P0021,2,499.99,0.1,999.98,100.0,899.98
128,ORD00048,P0048,4,34.99,0.0,139.96,0.0,139.96
129,ORD00048,P0043,2,8.99,0.0,17.98,0.0,17.98
130,ORD00049,P0025,3,45.99,0.0,137.97,0.0,137.97
131,ORD00049,P0010,1,499.99,0.0,499.99,0.0,499.99
132,ORD00049,P0028,1,12.99,0.2,12.99,2.6,10.39
133,ORD00049,P0004,3,89.99,0.05,269.97,13.5,256.47
134,ORD00050,P0011,3,15.99,0.05,47.97,2.4,45.57
135,ORD00050,P0015,3,18.99,0.15,56.97,8.55,48.42
136,ORD00050,P0032,3,249.99,0.1,749.97,75.0,674.97
137,ORD00050,P0040,1,6.99,0.0,6.99,0.0,6.99
138,ORD00050,P0025,2,45.99,0.0,91.98,0.0,91.98
139,ORD00051,P0047,1,24.99,0.05,24.99,1.25,23.74
140,ORD00052,P0034,4,89.99,0.05,359.96,18.0,341.96
141,ORD00052,P0029,4,29.99,0.2,119.96,23.99,95.97
142,ORD00052,P0035,1,129.99,0.15,129.99,19.5,110.49
143,ORD00052,P0007,4,149.99,0.15,599.96,89.99,509.97
144,ORD00052,P0025,1,45.99,0.2,45.99,9.2,36.79
145,ORD00053,P0033,2,149.99,0.05,299.98,15.0,284.98
146,ORD00053,P0004,2,89.99,0.0,179.98,0.0,179.98
147,ORD00053,P0027,4,59.99,0.2,239.96,47.99,191.97
148,ORD00054,P0018,2,189.99,0.0,379.98,0.0,379.98
149,ORD00054,P0017,1,32.99,0.1,32.99,3.3,29.69
150,ORD00054,P0031,2,299.99,0.05,599.98,30.0,569.98
151,ORD00055,P0026,4,69.99,0.0,279.96,0.0,279.96
152,ORD00055,P0019,3,75.99,0.0,227.97,0.0,227.97
153,ORD00055,P0037,2,24.99,0.05,49.98,2.5,47.48
154,ORD00055,P0049,1,19.99,0.1,19.99,2.0,17.99
155,ORD00055,P0010,3,499.99,0.0,1499.97,0.0,1499.97
156,ORD00056,P0030,2,15.99,0.05,31.98,1.6,30.38
157,ORD00056,P0047,3,24.99,0.05,74.97,3.75,71.22
158,ORD00057,P0010,1,499.99,0.0,499.99,0.0,499.99
159,ORD00057,P0014,3,24.99,0.0,74.97,0.0,74.97
160,ORD00057,P0037,1,24.99,0.0,24.99,0.0,24.99
161,ORD00058,P0013,3,12.99,0.0,38.97,0.0,38.97
162,ORD00058,P0021,4,499.99,0.05,1999.96,100.0,1899.96
163,ORD00059,P0026,2,69.99,0.0,139.98,0.0,139.98
164,ORD00059,P0005,4,349.99,0.15,1399.96,209.99,1189.97
165,ORD00059,P0019,1,75.99,0.05,75.99,3.8,72.19
166,ORD00059,P0045,3,4.99,0.05,14.97,0.75,14.22
167,ORD00059,P0042,1,5.99,0.0,5.99,0.0,5.99
168,ORD00060,P0014,3,24.99,0.2,74.97,14.99,59.98
169,ORD00060,P0038,4,12.99,0.0,51.96,0.0,51.96
170,ORD00060,P0002,3,29.99,0.0,89.97,0.0,89.97
171,ORD00060,P0037,4,24.99,0.05,99.96,5.0,94.96
172,ORD00060,P0016,2,25.99,0.0,51.98,0.0,51.98
173,ORD00061,P0024,2,24.99,0.1,49.98,5.0,44.98
174,ORD00061,P0005,2,349.99,0.05,699.98,35.0,664.98
175,ORD00061,P0021,4,499.99,0.15,1999.96,299.99,1699.97
176,ORD00062,P0050,3,39.99,0.0,119.97,0.0,119.97
177,ORD00062,P0015,3,18.99,0.0,56.97,0.0,56.97
178,ORD00063,P0047,2,24.99,0.0,49.98,0.0,49.98
179,ORD00064,P0015,3,18.99,0.05,56.97,2.85,54.12
180,ORD00065,P0043,3,8.99,0.0,26.97,0.0,26.97
181,ORD00065,P0010,3,499.99,0.1,1499.97,150.0,1349.97
182,ORD00065,P0012,1,8.99,0.1,8.99,0.9,8.09
183,ORD00066,P0027,2,59.99,0.1,119.98,12.0,107.98
184,ORD00066,P0043,3,8.99,0.0,26.97,0.0,26.97
185,ORD00066,P0030,1,15.99,0.0,15.99,0.0,15.99
186,ORD00066,P0026,2,69.99,0.25,139.98,34.99,104.98
187,ORD00067,P0046,4,79.99,0.05,319.96,16.0,303.96
188,ORD00067,P0038,1,12.99,0.15,12.99,1.95,11.04
189,ORD00067,P0048,4,34.99,0.15,139.96,20.99,118.97
190,ORD00068,P0048,4,34.99,0.15,139.96,20.99,118.97
191,ORD00068,P0026,3,69.99,0.05,209.97,10.5,199.47
192,ORD00068,P0040,4,6.99,0.1,27.96,2.8,25.16
193,ORD00068,P0018,1,189.99,0.05,189.99,9.5,180.49
194,ORD00069,P0002,3,29.99,0.1,89.97,9.0,80.97
195,ORD00069,P0034,1,89.99,0.0,89.99,0.0,89.99
196,ORD00069,P0017,4,32.99,0.05,131.96,6.6,125.36
197,ORD00070,P0040,4,6.99,0.1,27.96,2.8,25.16
198,ORD00070,P0039,2,29.99,0.0,59.98,0.0,59.98
199,ORD00070,P0029,1,29.99,0.15,29.99,4.5,25.49
200,ORD00070,P0002,3,29.99,0.2,89.97,17.99,71.98
201,ORD00071,P0030,4,15.99,0.05,63.96,3.2,60.76
202,ORD00071,P0035,1,129.99,0.2,129.99,26.0,103.99
203,ORD00071,P0018,4,189.99,0.0,759.96,0.0,759.96
204,ORD00071,P0028,1,12.99,0.05,12.99,0.65,12.34
205,ORD00071,P0026,2,69.99,0.15,139.98,21.0,118.98
206,ORD00072,P0032,1,249.99,0.1,249.99,25.0,224.99
207,ORD00072,P0045,4,4.99,0.05,19.96,1.0,18.96
208,ORD00072,P0023,3,9.99,0.0,29.97,0.0,29.97
209,ORD00072,P0036,4,19.99,0.15,79.96,11.99,67.97
210,ORD00072,P0017,3,32.99,0.0,98.97,0.0,98.97
211,ORD00073,P0010,1,499.99,0.1,499.99,50.0,449.99
212,ORD00073,P0037,3,24.99,0.15,74.97,11.25,63.72
213,ORD00073,P0050,4,39.99,0.05,159.96,8.0,151.96
214,ORD00073,P0036,4,19.99,0.1,79.96,8.0,71.96
215,ORD00074,P0037,2,24.99,0.0,49.98,0.0,49.98
216,ORD00074,P0039,4,29.99,0.0,119.96,0.0,119.96
217,ORD00074,P0036,4,19.99,0.05,79.96,4.0,75.96
218,ORD00075,P0050,3,39.99,0.0,119.97,0.0,119.97
219,ORD00075,P0041,2,11.99,0.05,23.98,1.2,22.78
220,ORD00075,P0033,4,149.99,0.1,599.96,60.0,539.96
221,ORD00075,P0024,3,24.99,0.0,74.97,0.0,74.97
222,ORD00075,P0029,2,29.99,0.05,59.98,3.0,56.98
223,ORD00076,P0018,1,189.99,0.1,189.99,19.0,170.99
224,ORD00076,P0036,2,19.99,0.0,39.98,0.0,39.98
225,ORD00077,P0045,3,4.99,0.0,14.97,0.0,14.97
226,ORD00078,P0036,3,19.99,0.05,59.97,3.0,56.97
227,ORD00078,P0011,2,15.99,0.05,31.98,1.6,30.38
228,ORD00078,P0049,3,19.99,0.05,59.97,3.0,56.97
229,ORD00078,P0004,2,89.99,0.05,179.98,9.0,170.98
230,ORD00078,P0002,2,29.99,0.05,59.98,3.0,56.98
231,ORD00079,P0018,1,189.99,0.0,189.99,0.0,189.99
232,ORD00079,P0015,1,18.99,0.15,18.99,2.85,16.14
233,ORD00079,P0009,2,299.99,0.0,599.98,0.0,599.98
234,ORD00079,P0004,2,89.99,0.0,179.98,0.0,179.98
235,ORD00080,P0035,4,129.99,0.0,519.96,0.0,519.96
236,ORD00080,P0004,4,89.99,0.1,359.96,36.0,323.96
237,ORD00081,P0026,1,69.99,0.15,69.99,10.5,59.49
238,ORD00081,P0022,2,19.99,0.1,39.98,4.0,35.98
239,ORD00081,P0049,2,19.99,0.05,39.98,2.0,37.98
240,ORD00081,P0007,2,149.99,0.15,299.98,45.0,254.98
241,ORD00082,P0011,1,15.99,0.05,15.99,0.8,15.19
242,ORD00082,P0032,4,249.99,0.05,999.96,50.0,949.96
243,ORD00082,P0018,3,189.99,0.05,569.97,28.5,541.47
244,ORD00082,P0049,4,19.99,0.05,79.96,4.0,75.96
245,ORD00083,P0006,4,79.99,0.0,319.96,0.0,319.96
246,ORD00084,P0008,1,45.99,0.25,45.99,11.5,34.49
247,ORD00084,P0003,2,12.99,0.05,25.98,1.3,24.68
248,ORD00084,P0046,1,79.99,0.0,79.99,0.0,79.99
249,ORD00084,P0041,2,11.99,0.05,23.98,1.2,22.78
250,ORD00084,P0047,4,24.99,0.2,99.96,19.99,79.97
251,ORD00085,P0049,2,19.99,0.25,39.98,9.99,29.98
252,ORD00085,P0031,4,299.99,0.0,1199.96,0.0,1199.96
253,ORD00086,P0037,3,24.99,0.15,74.97,11.25,63.72
254,ORD00086,P0030,1,15.99,0.15,15.99,2.4,13.59
255,ORD00086,P0048,3,34.99,0.05,104.97,5.25,99.72
256,ORD00086,P0027,3,59.99,0.1,179.97,18.0,161.97
257,ORD00087,P0025,4,45.99,0.0,183.96,0.0,183.96
258,ORD00087,P0039,3,29.99,0.15,89.97,13.5,76.47
259,ORD00087,P0043,1,8.99,0.05,8.99,0.45,8.54
260,ORD00087,P0015,4,18.99,0.0,75.96,0.0,75.96
261,ORD00088,P0021,3,499.99,0.15,1499.97,225.0,1274.97
262,ORD00088,P0049,4,19.99,0.05,79.96,4.0,75.96
263,ORD00088,P0018,4,189.99,0.05,759.96,38.0,721.96
264,ORD00088,P0025,1,45.99,0.0,45.99,0.0,45.99
265,ORD00088,P0034,2,89.99,0.1,179.98,18.0,161.98
266,ORD00089,P0001,1,1299.99,0.0,1299.99,0.0,1299.99
267,ORD00089,P0029,3,29.99,0.05,89.97,4.5,85.47
268,ORD00089,P0007,2,149.99,0.0,299.98,0.0,299.98
269,ORD00090,P0034,4,89.99,0.15,359.96,53.99,305.97
270,ORD00091,P0039,2,29.99,0.1,59.98,6.0,53.98
271,ORD00091,P0025,4,45.99,0.1,183.96,18.4,165.56
272,ORD00091,P0047,2,24.99,0.05,49.98,2.5,47.48
273,ORD00091,P0023,2,9.99,0.2,19.98,4.0,15.98
274,ORD00092,P0020,3,14.99,0.15,44.97,6.75,38.22
275,ORD00092,P0035,2,129.99,0.1,259.98,26.0,233.98
276,ORD00092,P0018,4,189.99,0.0,759.96,0.0,759.96
277,ORD00093,P0035,1,129.99,0.15,129.99,19.5,110.49
278,ORD00093,P0006,2,79.99,0.05,159.98,8.0,151.98
279,ORD00093,P0036,4,19.99,0.05,79.96,4.0,75.96
280,ORD00094,P0008,4,45.99,0.0,183.96,0.0,183.96
281,ORD00094,P0015,2,18.99,0.1,37.98,3.8,34.18
282,ORD00094,P0011,2,15.99,0.0,31.98,0.0,31.98
283,ORD00095,P0011,3,15.99,0.15,47.97,7.2,40.77
284,ORD00095,P0002,1,29.99,0.0,29.99,0.0,29.99
285,ORD00095,P0019,2,75.99,0.0,151.98,0.0,151.98
286,ORD00095,P0028,4,12.99,0.0,51.96,0.0,51.96
287,ORD00096,P0047,2,24.99,0.05,49.98,2.5,47.48
288,ORD00097,P0031,4,299.99,0.0,1199.96,0.0,1199.96
289,ORD00097,P0043,3,8.99,0.0,26.97,0.0,26.97
290,ORD00097,P0045,2,4.99,0.0,9.98,0.0,9.98
291,ORD00098,P0043,3,8.99,0.15,26.97,4.05,22.92
292,ORD00098,P0034,2,89.99,0.0,179.98,0.0,179.98
293,ORD00098,P0012,1,8.99,0.0,8.99,0.0,8.99
294,ORD00098,P0020,3,14.99,0.15,44.97,6.75,38.22
295,ORD00099,P0012,4,8.99,0.05,35.96,1.8,34.16
296,ORD00099,P0029,2,29.99,0.1,59.98,6.0,53.98
297,ORD00099,P0044,4,9.99,0.15,39.96,5.99,33.97
298,ORD00100,P0031,3,299.99,0.1,899.97,90.0,809.97
299,ORD00100,P0035,4,129.99,0.0,519.96,0.0,519.96
300,ORD00100,P0049,4,19.99,0.0,79.96,0.0,79.96
301,ORD00100,P0025,3,45.99,0.05,137.97,6.9,131.07
302,ORD00100,P0016,2,25.99,0.05,51.98,2.6,49.38
303,ORD00101,P0023,4,9.99,0.1,39.96,4.0,35.96
304,ORD00101,P0048,2,34.99,0.0,69.98,0.0,69.98
305,ORD00101,P0032,4,249.99,0.15,999.96,149.99,849.97
306,ORD00102,P0017,1,32.99,0.25,32.99,8.25,24.74
307,ORD00103,P0010,1,499.99,0.0,499.99,0.0,499.99
308,ORD00104,P0038,2,12.99,0.0,25.98,0.0,25.98
309,ORD00104,P0017,4,32.99,0.15,131.96,19.79,112.17
310,ORD00104,P0029,2,29.99,0.05,59.98,3.0,56.98
311,ORD00104,P0011,2,15.99,0.1,31.98,3.2,28.78
312,ORD00105,P0039,4,29.99,0.05,119.96,6.0,113.96
313,ORD00105,P0040,1,6.99,0.15,6.99,1.05,5.94
314,ORD00105,P0016,2,25.99,0.0,51.98,0.0,51.98
315,ORD00105,P0019,1,75.99,0.0,75.99,0.0,75.99
316,ORD00106,P0007,1,149.99,0.1,149.99,15.0,134.99
317,ORD00106,P0045,2,4.99,0.0,9.98,0.0,9.98
318,ORD00106,P0033,4,149.99,0.05,599.96,30.0,569.96
319,ORD00107,P0027,3,59.99,0.05,179.97,9.0,170.97
320,ORD00108,P0008,1,45.99,0.0,45.99,0.0,45.99
321,ORD00108,P0012,3,8.99,0.1,26.97,2.7,24.27
322,ORD00109,P0050,1,39.99,0.0,39.99,0.0,39.99
323,ORD00109,P0015,2,18.99,0.15,37.98,5.7,32.28
324,ORD00110,P0048,4,34.99,0.25,139.96,34.99,104.97
325,ORD00110,P0032,3,249.99,0.05,749.97,37.5,712.47
326,ORD00110,P0012,2,8.99,0.05,17.98,0.9,17.08
327,ORD00110,P0033,3,149.99,0.0,449.97,0.0,449.97
328,ORD00110,P0011,2,15.99,0.05,31.98,1.6,30.38
329,ORD00111,P0005,4,349.99,0.0,1399.96,0.0,1399.96
330,ORD00112,P0015,3,18.99,0.05,56.97,2.85,54.12
331,ORD00113,P0024,4,24.99,0.1,99.96,10.0,89.96
332,ORD00113,P0037,1,24.99,0.1,24.99,2.5,22.49
333,ORD00114,P0047,3,24.99,0.0,74.97,0.0,74.97
334,ORD00114,P0022,4,19.99,0.15,79.96,11.99,67.97
335,ORD00114,P0012,3,8.99,0.0,26.97,0.0,26.97
336,ORD00115,P0030,2,15.99,0.15,31.98,4.8,27.18
337,ORD00115,P0038,3,12.99,0.05,38.97,1.95,37.02
338,ORD00116,P0009,2,299.99,0.0,599.98,0.0,599.98
339,ORD00116,P0039,3,29.99,0.2,89.97,17.99,71.98
340,ORD00116,P0031,2,299.99,0.05,599.98,30.0,569.98
341,ORD00116,P0016,2,25.99,0.0,51.98,0.0,51.98
342,ORD00116,P0038,1,12.99,0.0,12.99,0.0,12.99
343,ORD00117,P0003,2,12.99,0.05,25.98,1.3,24.68
344,ORD00117,P0031,1,299.99,0.1,299.99,30.0,269.99
345,ORD00117,P0005,3,349.99,0.15,1049.97,157.5,892.47
346,ORD00117,P0017,1,32.99,0.05,32.99,1.65,31.34
347,ORD00117,P0027,3,59.99,0.1,179.97,18.0,161.97
348,ORD00118,P0048,3,34.99,0.05,104.97,5.25,99.72
349,ORD00118,P0018,2,189.99,0.05,379.98,19.0,360.98
350,ORD00119,P0008,4,45.99,0.1,183.96,18.4,165.56
351,ORD00119,P0039,3,29.99,0.25,89.97,22.49,67.48
352,ORD00119,P0016,2,25.99,0.0,51.98,0.0,51.98
353,ORD00119,P0046,4,79.99,0.0,319.96,0.0,319.96
354,ORD00120,P0017,2,32.99,0.15,65.98,9.9,56.08
355,ORD00120,P0049,4,19.99,0.1,79.96,8.0,71.96
356,ORD00121,P0011,1,15.99,0.0,15.99,0.0,15.99
357,ORD00121,P0006,1,79.99,0.05,79.99,4.0,75.99
358,ORD00121,P0021,4,499.99,0.0,1999.96,0.0,1999.96
359,ORD00122,P0008,3,45.99,0.1,137.97,13.8,124.17
360,ORD00122,P0014,4,24.99,0.05,99.96,5.0,94.96
361,ORD00122,P0002,3,29.99,0.1,89.97,9.0,80.97
362,ORD00122,P0013,1,12.99,0.0,12.99,0.0,12.99
363,ORD00123,P0049,2,19.99,0.05,39.98,2.0,37.98
364,ORD00123,P0023,1,9.99,0.05,9.99,0.5,9.49
365,ORD00124,P0026,4,69.99,0.05,279.96,14.0,265.96
366,ORD00125,P0004,4,89.99,0.0,359.96,0.0,359.96
367,ORD00125,P0033,4,149.99,0.0,599.96,0.0,599.96
368,ORD00125,P0003,4,12.99,0.0,51.96,0.0,51.96
369,ORD00125,P0017,4,32.99,0.15,131.96,19.79,112.17
370,ORD00125,P0013,3,12.99,0.1,38.97,3.9,35.07
371,ORD00126,P0044,1,9.99,0.25,9.99,2.5,7.49
372,ORD00126,P0047,2,24.99,0.0,49.98,0.0,49.98
373,ORD00126,P0032,1,249.99,0.0,249.99,0.0,249.99
374,ORD00126,P0011,3,15.99,0.0,47.97,0.0,47.97
375,ORD00127,P0043,4,8.99,0.0,35.96,0.0,35.96
376,ORD00127,P0030,4,15.99,0.1,63.96,6.4,57.56
377,ORD00128,P0038,2,12.99,0.0,25.98,0.0,25.98
378,ORD00129,P0014,1,24.99,0.2,24.99,5.0,19.99
379,ORD00130,P0013,1,12.99,0.1,12.99,1.3,11.69
380,ORD00131,P0040,2,6.99,0.0,13.98,0.0,13.98
381,ORD00131,P0011,1,15.99,0.15,15.99,2.4,13.59
382,ORD00132,P0009,2,299.99,0.0,599.98,0.0,599.98
383,ORD00133,P0008,1,45.99,0.1,45.99,4.6,41.39
384,ORD00133,P0037,4,24.99,0.0,99.96,0.0,99.96
385,ORD00134,P0038,2,12.99,0.1,25.98,2.6,23.38
386,ORD00134,P0043,2,8.99,0.0,17.98,0.0,17.98
387,ORD00135,P0018,4,189.99,0.15,759.96,113.99,645.97
388,ORD00135,P0017,1,32.99,0.0,32.99,0.0,32.99
389,ORD00136,P0013,2,12.99,0.05,25.98,1.3,24.68
390,ORD00137,P0013,4,12.99,0.15,51.96,7.79,44.17
391,ORD00137,P0044,1,9.99,0.0,9.99,0.0,9.99
392,ORD00137,P0041,1,11.99,0.0,11.99,0.0,11.99
393,ORD00137,P0026,3,69.99,0.1,209.97,21.0,188.97
394,ORD00137,P0009,3,299.99,0.0,899.97,0.0,899.97
395,ORD00138,P0043,2,8.99,0.15,17.98,2.7,15.28
396,ORD00138,P0027,4,59.99,0.05,239.96,12.0,227.96
397,ORD00138,P0033,2,149.99,0.05,299.98,15.0,284.98
398,ORD00138,P0008,3,45.99,0.0,137.97,0.0,137.97
399,ORD00138,P0018,3,189.99,0.05,569.97,28.5,541.47
400,ORD00139,P0018,1,189.99,0.2,189.99,38.0,151.99
401,ORD00139,P0003,3,12.99,0.0,38.97,0.0,38.97
402,ORD00140,P0029,3,29.99,0.0,89.97,0.0,89.97
403,ORD00140,P0046,2,79.99,0.05,159.98,8.0,151.98
404,ORD00140,P0043,1,8.99,0.0,8.99,0.0,8.99
405,ORD00140,P0004,2,89.99,0.15,179.98,27.0,152.98
406,ORD00140,P0047,1,24.99,0.25,24.99,6.25,18.74
407,ORD00141,P0024,4,24.99,0.1,99.96,10.0,89.96
408,ORD00142,P0030,2,15.99,0.1,31.98,3.2,28.78
409,ORD00142,P0044,3,9.99,0.0,29.97,0.0,29.97
410,ORD00142,P0015,2,18.99,0.0,37.98,0.0,37.98
411,ORD00142,P0046,2,79.99,0.15,159.98,24.0,135.98
412,ORD00142,P0006,2,79.99,0.1,159.98,16.0,143.98
413,ORD00143,P0035,2,129.99,0.05,259.98,13.0,246.98
414,ORD00143,P0025,4,45.99,0.0,183.96,0.0,183.96
415,ORD00143,P0029,1,29.99,0.2,29.99,6.0,23.99
416,ORD00143,P0047,2,24.99,0.05,49.98,2.5,47.48
417,ORD00144,P0044,1,9.99,0.05,9.99,0.5,9.49
418,ORD00144,P0023,4,9.99,0.0,39.96,0.0,39.96
419,ORD00145,P0049,4,19.99,0.1,79.96,8.0,71.96
420,ORD00145,P0046,3,79.99,0.05,239.97,12.0,227.97
421,ORD00146,P0002,4,29.99,0.0,119.96,0.0,119.96
422,ORD00146,P0036,2,19.99,0.0,39.98,0.0,39.98
423,ORD00146,P0030,4,15.99,0.0,63.96,0.0,63.96
424,ORD00147,P0008,4,45.99,0.0,183.96,0.0,183.96
425,ORD00147,P0025,2,45.99,0.1,91.98,9.2,82.78
426,ORD00147,P0036,2,19.99,0.15,39.98,6.0,33.98
427,ORD00148,P0041,2,11.99,0.0,23.98,0.0,23.98
428,ORD00148,P0043,2,8.99,0.15,17.98,2.7,15.28
429,ORD00148,P0003,1,12.99,0.0,12.99,0.0,12.99
430,ORD00149,P0024,1,24.99,0.15,24.99,3.75,21.24
431,ORD00150,P0012,1,8.99,0.15,8.99,1.35,7.64
432,ORD00151,P0035,4,129.99,0.0,519.96,0.0,519.96
433,ORD00152,P0005,4,349.99,0.0,1399.96,0.0,1399.96
434,ORD00152,P0006,1,79.99,0.05,79.99,4.0,75.99
435,ORD00153,P0016,4,25.99,0.15,103.96,15.59,88.37
436,ORD00153,P0009,1,299.99,0.0,299.99,0.0,299.99
437,ORD00154,P0007,1,149.99,0.15,149.99,22.5,127.49
438,ORD00155,P0015,1,18.99,0.15,18.99,2.85,16.14
439,ORD00156,P0033,1,149.99,0.2,149.99,30.0,119.99
440,ORD00156,P0034,1,89.99,0.1,89.99,9.0,80.99
441,ORD00157,P0011,1,15.99,0.0,15.99,0.0,15.99
442,ORD00157,P0019,3,75.99,0.05,227.97,11.4,216.57
443,ORD00157,P0018,3,189.99,0.1,569.97,57.0,512.97
444,ORD00157,P0045,2,4.99,0.1,9.98,1.0,8.98
445,ORD00157,P0022,3,19.99,0.25,59.97,14.99,44.98
446,ORD00158,P0020,4,14.99,0.0,59.96,0.0,59.96
447,ORD00158,P0050,1,39.99,0.0,39.99,0.0,39.99
448,ORD00158,P0016,2,25.99,0.2,51.98,10.4,41.58
449,ORD00158,P0031,3,299.99,0.0,899.97,0.0,899.97
450,ORD00158,P0034,3,89.99,0.0,269.97,0.0,269.97
451,ORD00159,P0014,4,24.99,0.0,99.96,0.0,99.96
452,ORD00159,P0038,4,12.99,0.0,51.96,0.0,51.96
453,ORD00159,P0008,3,45.99,0.0,137.97,0.0,137.97
454,ORD00159,P0007,1,149.99,0.05,149.99,7.5,142.49
455,ORD00160,P0018,2,189.99,0.05,379.98,19.0,360.98
456,ORD00160,P0024,2,24.99,0.1,49.98,5.0,44.98
457,ORD00160,P0047,1,24.99,0.25,24.99,6.25,18.74
458,ORD00161,P0013,3,12.99,0.05,38.97,1.95,37.02
459,ORD00161,P0034,4,89.99,0.0,359.96,0.0,359.96
460,ORD00161,P0035,2,129.99,0.05,259.98,13.0,246.98
461,ORD00162,P0021,3,499.99,0.1,1499.97,150.0,1349.97
462,ORD00162,P0004,3,89.99,0.0,269.97,0.0,269.97
463,ORD00162,P0019,3,75.99,0.15,227.97,34.2,193.77
464,ORD00162,P0025,4,45.99,0.0,183.96,0.0,183.96
465,ORD00162,P0014,4,24.99,0.05,99.96,5.0,94.96
466,ORD00163,P0045,4,4.99,0.15,19.96,2.99,16.97
467,ORD00163,P0012,2,8.99,0.0,17.98,0.0,17.98
468,ORD00163,P0026,2,69.99,0.0,139.98,0.0,139.98
469,ORD00163,P0025,1,45.99,0.0,45.99,0.0,45.99
470,ORD00164,P0026,3,69.99,0.0,209.97,0.0,209.97
471,ORD00164,P0039,4,29.99,0.15,119.96,17.99,101.97
472,ORD00164,P0033,3,149.99,0.1,449.97,45.0,404.97
473,ORD00165,P0042,4,5.99,0.1,23.96,2.4,21.56
474,ORD00165,P0014,1,24.99,0.0,24.99,0.0,24.99
475,ORD00165,P0010,2,499.99,0.1,999.98,100.0,899.98
476,ORD00166,P0034,1,89.99,0.05,89.99,4.5,85.49
477,ORD00167,P0019,1,75.99,0.0,75.99,0.0,75.99
478,ORD00168,P0028,2,12.99,0.0,25.98,0.0,25.98
479,ORD00168,P0023,3,9.99,0.0,29.97,0.0,29.97
480,ORD00168,P0050,4,39.99,0.0,159.96,0.0,159.96
481,ORD00169,P0015,4,18.99,0.05,75.96,3.8,72.16
482,ORD00169,P0014,2,24.99,0.15,49.98,7.5,42.48
483,ORD00169,P0026,1,69.99,0.05,69.99,3.5,66.49
484,ORD00170,P0042,3,5.99,0.0,17.97,0.0,17.97
485,ORD00170,P0039,3,29.99,0.05,89.97,4.5,85.47
486,ORD00170,P0027,3,59.99,0.25,179.97,44.99,134.98
487,ORD00171,P0022,3,19.99,0.0,59.97,0.0,59.97
488,ORD00171,P0009,2,299.99,0.05,599.98,30.0,569.98
489,ORD00171,P0030,3,15.99,0.25,47.97,11.99,35.98
490,ORD00171,P0003,3,12.99,0.05,38.97,1.95,37.02
491,ORD00171,P0037,4,24.99,0.15,99.96,14.99,84.97
492,ORD00172,P0043,1,8.99,0.15,8.99,1.35,7.64
493,ORD00172,P0021,3,499.99,0.05,1499.97,75.0,1424.97
494,ORD00172,P0041,2,11.99,0.0,23.98,0.0,23.98
495,ORD00172,P0014,2,24.99,0.1,49.98,5.0,44.98
496,ORD00173,P0026,4,69.99,0.05,279.96,14.0,265.96
497,ORD00173,P0008,1,45.99,0.05,45.99,2.3,43.69
498,ORD00173,P0006,1,79.99,0.0,79.99,0.0,79.99
499,ORD00173,P0010,4,499.99,0.15,1999.96,299.99,1699.97
500,ORD00174,P0023,1,9.99,0.05,9.99,0.5,9.49
501,ORD00174,P0016,3,25.99,0.0,77.97,0.0,77.97
502,ORD00174,P0049,3,19.99,0.15,59.97,9.0,50.97
503,ORD00175,P0046,4,79.99,0.0,319.96,0.0,319.96
504,ORD00176,P0023,4,9.99,0.0,39.96,0.0,39.96
505,ORD00176,P0006,3,79.99,0.15,239.97,36.0,203.97
506,ORD00176,P0027,1,59.99,0.0,59.99,0.0,59.99
507,ORD00176,P0003,2,12.99,0.0,25.98,0.0,25.98
508,ORD00177,P0005,2,349.99,0.0,699.98,0.0,699.98
509,ORD00177,P0037,4,24.99,0.2,99.96,19.99,79.97
510,ORD00178,P0037,4,24.99,0.1,99.96,10.0,89.96
511,ORD00178,P0023,1,9.99,0.0,9.99,0.0,9.99
512,ORD00178,P0013,4,12.99,0.05,51.96,2.6,49.36
513,ORD00179,P0019,2,75.99,0.15,151.98,22.8,129.18
514,ORD00179,P0038,1,12.99,0.1,12.99,1.3,11.69
515,ORD00179,P0011,1,15.99,0.15,15.99,2.4,13.59
516,ORD00179,P0009,2,299.99,0.05,599.98,30.0,569.98
517,ORD00179,P0046,2,79.99,0.0,159.98,0.0,159.98
518,ORD00180,P0012,3,8.99,0.05,26.97,1.35,25.62
519,ORD00180,P0042,4,5.99,0.1,23.96,2.4,21.56
520,ORD00181,P0011,1,15.99,0.05,15.99,0.8,15.19
521,ORD00181,P0029,3,29.99,0.0,89.97,0.0,89.97
522,ORD00181,P0042,2,5.99,0.15,11.98,1.8,10.18
523,ORD00181,P0034,3,89.99,0.0,269.97,0.0,269.97
524,ORD00182,P0019,2,75.99,0.05,151.98,7.6,144.38
525,ORD00183,P0047,4,24.99,0.0,99.96,0.0,99.96
526,ORD00183,P0030,4,15.99,0.15,63.96,9.59,54.37
527,ORD00183,P0029,1,29.99,0.15,29.99,4.5,25.49
528,ORD00183,P0043,3,8.99,0.05,26.97,1.35,25.62
529,ORD00184,P0011,1,15.99,0.0,15.99,0.0,15.99
530,ORD00184,P0001,1,1299.99,0.15,1299.99,195.0,1104.99
531,ORD00185,P0039,4,29.99,0.15,119.96,17.99,101.97
532,ORD00185,P0028,1,12.99,0.0,12.99,0.0,12.99
533,ORD00185,P0011,4,15.99,0.1,63.96,6.4,57.56
534,ORD00185,P0005,4,349.99,0.1,1399.96,140.0,1259.96
535,ORD00186,P0049,1,19.99,0.05,19.99,1.0,18.99
536,ORD00186,P0040,2,6.99,0.1,13.98,1.4,12.58
537,ORD00186,P0008,1,45.99,0.2,45.99,9.2,36.79
538,ORD00186,P0033,3,149.99,0.05,449.97,22.5,427.47
539,ORD00187,P0040,4,6.99,0.0,27.96,0.0,27.96
540,ORD00187,P0032,4,249.99,0.15,999.96,149.99,849.97
541,ORD00187,P0030,1,15.99,0.25,15.99,4.0,11.99
542,ORD00188,P0028,3,12.99,0.2,38.97,7.79,31.18
543,ORD00189,P0039,4,29.99,0.05,119.96,6.0,113.96
544,ORD00189,P0022,2,19.99,0.05,39.98,2.0,37.98
545,ORD00189,P0014,4,24.99,0.0,99.96,0.0,99.96
546,ORD00189,P0009,2,299.99,0.2,599.98,120.0,479.98
547,ORD00189,P0036,2,19.99,0.05,39.98,2.0,37.98
548,ORD00190,P0010,1,499.99,0.05,499.99,25.0,474.99
549,ORD00190,P0049,3,19.99,0.2,59.97,11.99,47.98
550,ORD00190,P0041,4,11.99,0.0,47.96,0.0,47.96
551,ORD00190,P0046,3,79.99,0.0,239.97,0.0,239.97
552,ORD00190,P0008,1,45.99,0.0,45.99,0.0,45.99
553,ORD00191,P0026,1,69.99,0.05,69.99,3.5,66.49
554,ORD00191,P0007,2,149.99,0.0,299.98,0.0,299.98
555,ORD00191,P0023,1,9.99,0.0,9.99,0.0,9.99
556,ORD00192,P0022,1,19.99,0.0,19.99,0.0,19.99
557,ORD00192,P0001,4,1299.99,0.0,5199.96,0.0,5199.96
558,ORD00192,P0013,2,12.99,0.15,25.98,3.9,22.08
559,ORD00192,P0047,4,24.99,0.15,99.96,14.99,84.97
560,ORD00192,P0046,4,79.99,0.05,319.96,16.0,303.96
561,ORD00193,P0043,2,8.99,0.15,17.98,2.7,15.28
562,ORD00194,P0033,2,149.99,0.0,299.98,0.0,299.98
563,ORD00194,P0031,4,299.99,0.05,1199.96,60.0,1139.96
564,ORD00194,P0045,1,4.99,0.05,4.99,0.25,4.74
565,ORD00194,P0048,2,34.99,0.0,69.98,0.0,69.98
566,ORD00194,P0012,2,8.99,0.15,17.98,2.7,15.28
567,ORD00195,P0005,1,349.99,0.1,349.99,35.0,314.99
568,ORD00195,P0020,4,14.99,0.0,59.96,0.0,59.96
569,ORD00196,P0024,2,24.99,0.0,49.98,0.0,49.98
570,ORD00197,P0036,2,19.99,0.0,39.98,0.0,39.98
571,ORD00197,P0027,4,59.99,0.05,239.96,12.0,227.96
572,ORD00197,P0044,3,9.99,0.05,29.97,1.5,28.47
573,ORD00197,P0019,2,75.99,0.0,151.98,0.0,151.98
574,ORD00198,P0001,2,1299.99,0.2,2599.98,520.0,2079.98
575,ORD00198,P0035,4,129.99,0.0,519.96,0.0,519.96
576,ORD00198,P0005,3,349.99,0.0,1049.97,0.0,1049.97
577,ORD00198,P0024,3,24.99,0.0,74.97,0.0,74.97
578,ORD00198,P0023,1,9.99,0.0,9.99,0.0,9.99
579,ORD00199,P0047,3,24.99,0.05,74.97,3.75,71.22
580,ORD00199,P0032,4,249.99,0.05,999.96,50.0,949.96
581,ORD00199,P0029,4,29.99,0.05,119.96,6.0,113.96
582,ORD00199,P0025,4,45.99,0.0,183.96,0.0,183.96
583,ORD00199,P0034,3,89.99,0.05,269.97,13.5,256.47
584,ORD00200,P0025,4,45.99,0.05,183.96,9.2,174.76
585,ORD00200,P0033,4,149.99,0.15,599.96,89.99,509.97
586,ORD00200,P0024,4,24.99,0.05,99.96,5.0,94.96
587,ORD00200,P0048,4,34.99,0.0,139.96,0.0,139.96
588,ORD00201,P0018,1,189.99,0.05,189.99,9.5,180.49
589,ORD00202,P0016,3,25.99,0.0,77.97,0.0,77.97
590,ORD00202,P0006,2,79.99,0.05,159.98,8.0,151.98
591,ORD00202,P0045,3,4.99,0.2,14.97,2.99,11.98
592,ORD00202,P0041,1,11.99,0.0,11.99,0.0,11.99
593,ORD00202,P0001,1,1299.99,0.0,1299.99,0.0,1299.99
594,ORD00203,P0024,3,24.99,0.0,74.97,0.0,74.97
595,ORD00203,P0012,2,8.99,0.1,17.98,1.8,16.18
596,ORD00203,P0046,3,79.99,0.0,239.97,0.0,239.97
597,ORD00203,P0007,1,149.99,0.1,149.99,15.0,134.99
598,ORD00204,P0019,2,75.99,0.0,151.98,0.0,151.98
599,ORD00204,P0045,2,4.99,0.0,9.98,0.0,9.98
600,ORD00205,P0036,4,19.99,0.0,79.96,0.0,79.96
601,ORD00206,P0049,3,19.99,0.15,59.97,9.0,50.97
602,ORD00206,P0020,1,14.99,0.0,14.99,0.0,14.99
603,ORD00207,P0032,2,249.99,0.1,499.98,50.0,449.98
604,ORD00207,P0030,1,15.99,0.1,15.99,1.6,14.39
605,ORD00207,P0048,2,34.99,0.0,69.98,0.0,69.98
606,ORD00208,P0013,1,12.99,0.1,12.99,1.3,11.69
607,ORD00208,P0045,2,4.99,0.2,9.98,2.0,7.98
608,ORD00209,P0048,2,34.99,0.0,69.98,0.0,69.98
609,ORD00209,P0030,1,15.99,0.0,15.99,0.0,15.99
610,ORD00210,P0021,2,499.99,0.0,999.98,0.0,999.98
611,ORD00210,P0024,1,24.99,0.05,24.99,1.25,23.74
612,ORD00211,P0031,2,299.99,0.0,599.98,0.0,599.98
613,ORD00211,P0048,4,34.99,0.05,139.96,7.0,132.96
614,ORD00211,P0002,4,29.99,0.05,119.96,6.0,113.96
615,ORD00211,P0032,1,249.99,0.15,249.99,37.5,212.49
616,ORD00212,P0027,4,59.99,0.0,239.96,0.0,239.96
617,ORD00212,P0022,3,19.99,0.1,59.97,6.0,53.97
618,ORD00212,P0036,3,19.99,0.05,59.97,3.0,56.97
619,ORD00213,P0032,2,249.99,0.05,499.98,25.0,474.98
620,ORD00213,P0045,1,4.99,0.05,4.99,0.25,4.74
621,ORD00213,P0042,3,5.99,0.05,17.97,0.9,17.07
622,ORD00214,P0046,2,79.99,0.05,159.98,8.0,151.98
623,ORD00214,P0028,3,12.99,0.05,38.97,1.95,37.02
624,ORD00214,P0030,3,15.99,0.0,47.97,0.0,47.97
625,ORD00215,P0002,3,29.99,0.05,89.97,4.5,85.47
626,ORD00215,P0016,3,25.99,0.15,77.97,11.7,66.27
627,ORD00215,P0007,3,149.99,0.05,449.97,22.5,427.47
628,ORD00215,P0034,2,89.99,0.1,179.98,18.0,161.98
629,ORD00216,P0020,3,14.99,0.0,44.97,0.0,44.97
630,ORD00216,P0005,3,349.99,0.15,1049.97,157.5,892.47
631,ORD00216,P0001,1,1299.99,0.15,1299.99,195.0,1104.99
632,ORD00217,P0011,4,15.99,0.0,63.96,0.0,63.96
633,ORD00217,P0040,4,6.99,0.1,27.96,2.8,25.16
634,ORD00218,P0046,4,79.99,0.25,319.96,79.99,239.97
635,ORD00219,P0049,3,19.99,0.0,59.97,0.0,59.97
636,ORD00219,P0031,4,299.99,0.15,1199.96,179.99,1019.97
637,ORD00220,P0015,1,18.99,0.05,18.99,0.95,18.04
638,ORD00220,P0031,1,299.99,0.05,299.99,15.0,284.99
639,ORD00220,P0027,2,59.99,0.0,119.98,0.0,119.98
640,ORD00221,P0018,2,189.99,0.0,379.98,0.0,379.98
641,ORD00221,P0046,2,79.99,0.0,159.98,0.0,159.98
642,ORD00221,P0020,3,14.99,0.15,44.97,6.75,38.22
643,ORD00221,P0026,1,69.99,0.0,69.99,0.0,69.99
644,ORD00221,P0029,3,29.99,0.2,89.97,17.99,71.98
645,ORD00222,P0027,1,59.99,0.15,59.99,9.0,50.99
646,ORD00223,P0019,4,75.99,0.1,303.96,30.4,273.56
647,ORD00224,P0019,1,75.99,0.05,75.99,3.8,72.19
648,ORD00224,P0043,2,8.99,0.15,17.98,2.7,15.28
649,ORD00224,P0036,3,19.99,0.25,59.97,14.99,44.98
650,ORD00224,P0050,2,39.99,0.15,79.98,12.0,67.98
651,ORD00225,P0036,1,19.99,0.15,19.99,3.0,16.99
652,ORD00225,P0004,4,89.99,0.1,359.96,36.0,323.96
653,ORD00225,P0005,4,349.99,0.1,1399.96,140.0,1259.96
654,ORD00226,P0020,4,14.99,0.2,59.96,11.99,47.97
655,ORD00226,P0018,3,189.99,0.0,569.97,0.0,569.97
656,ORD00226,P0035,2,129.99,0.15,259.98,39.0,220.98
657,ORD00226,P0019,4,75.99,0.0,303.96,0.0,303.96
658,ORD00227,P0017,2,32.99,0.0,65.98,0.0,65.98
659,ORD00228,P0050,1,39.99,0.0,39.99,0.0,39.99
660,ORD00229,P0018,4,189.99,0.15,759.96,113.99,645.97
661,ORD00229,P0046,2,79.99,0.2,159.98,32.0,127.98
662,ORD00229,P0011,1,15.99,0.15,15.99,2.4,13.59
663,ORD00229,P0035,4,129.99,0.0,519.96,0.0,519.96
664,ORD00229,P0031,2,299.99,0.15,599.98,90.0,509.98
665,ORD00230,P0036,1,19.99,0.0,19.99,0.0,19.99
666,ORD00230,P0040,4,6.99,0.05,27.96,1.4,26.56
667,ORD00230,P0041,4,11.99,0.1,47.96,4.8,43.16
668,ORD00230,P0026,4,69.99,0.0,279.96,0.0,279.96
669,ORD00230,P0033,1,149.99,0.05,149.99,7.5,142.49
670,ORD00231,P0010,4,499.99,0.2,1999.96,399.99,1599.97
671,ORD00231,P0026,1,69.99,0.05,69.99,3.5,66.49
672,ORD00232,P0005,1,349.99,0.0,349.99,0.0,349.99
673,ORD00232,P0035,4,129.99,0.0,519.96,0.0,519.96
674,ORD00232,P0018,2,189.99,0.05,379.98,19.0,360.98
675,ORD00233,P0012,4,8.99,0.0,35.96,0.0,35.96
676,ORD00233,P0001,3,1299.99,0.1,3899.97,390.0,3509.97
677,ORD00233,P0027,4,59.99,0.25,239.96,59.99,179.97
678,ORD00233,P0028,1,12.99,0.05,12.99,0.65,12.34
679,ORD00234,P0018,3,189.99,0.05,569.97,28.5,541.47
680,ORD00234,P0045,3,4.99,0.05,14.97,0.75,14.22
681,ORD00234,P0025,4,45.99,0.0,183.96,0.0,183.96
682,ORD00234,P0022,4,19.99,0.1,79.96,8.0,71.96
683,ORD00234,P0047,1,24.99,0.05,24.99,1.25,23.74
684,ORD00235,P0048,2,34.99,0.0,69.98,0.0,69.98
685,ORD00235,P0002,4,29.99,0.15,119.96,17.99,101.97
686,ORD00235,P0021,3,499.99,0.0,1499.97,0.0,1499.97
687,ORD00236,P0018,2,189.99,0.0,379.98,0.0,379.98
688,ORD00236,P0028,4,12.99,0.05,51.96,2.6,49.36
689,ORD00236,P0014,4,24.99,0.0,99.96,0.0,99.96
690,ORD00236,P0036,2,19.99,0.15,39.98,6.0,33.98
691,ORD00237,P0043,3,8.99,0.15,26.97,4.05,22.92
692,ORD00238,P0012,2,8.99,0.15,17.98,2.7,15.28
693,ORD00238,P0048,2,34.99,0.0,69.98,0.0,69.98
694,ORD00238,P0024,3,24.99,0.1,74.97,7.5,67.47
695,ORD00239,P0032,1,249.99,0.05,249.99,12.5,237.49
696,ORD00240,P0043,4,8.99,0.0,35.96,0.0,35.96
697,ORD00240,P0010,1,499.99,0.0,499.99,0.0,499.99
698,ORD00240,P0014,1,24.99,0.15,24.99,3.75,21.24
699,ORD00240,P0040,4,6.99,0.15,27.96,4.19,23.77
700,ORD00241,P0040,4,6.99,0.15,27.96,4.19,23.77
701,ORD00241,P0030,3,15.99,0.0,47.97,0.0,47.97
702,ORD00241,P0042,3,5.99,0.05,17.97,0.9,17.07
703,ORD00241,P0004,3,89.99,0.0,269.97,0.0,269.97
704,ORD00242,P0021,2,499.99,0.0,999.98,0.0,999.98
705,ORD00242,P0024,1,24.99,0.1,24.99,2.5,22.49
706,ORD00242,P0008,3,45.99,0.0,137.97,0.0,137.97
707,ORD00242,P0018,4,189.99,0.2,759.96,151.99,607.97
708,ORD00242,P0042,2,5.99,0.2,11.98,2.4,9.58
709,ORD00243,P0012,3,8.99,0.0,26.97,0.0,26.97
710,ORD00243,P0022,1,19.99,0.2,19.99,4.0,15.99
711,ORD00243,P0040,1,6.99,0.2,6.99,1.4,5.59
712,ORD00244,P0027,4,59.99,0.0,239.96,0.0,239.96
713,ORD00244,P0017,2,32.99,0.15,65.98,9.9,56.08
714,ORD00245,P0030,1,15.99,0.05,15.99,0.8,15.19
715,ORD00245,P0040,3,6.99,0.0,20.97,0.0,20.97
716,ORD00245,P0042,4,5.99,0.05,23.96,1.2,22.76
717,ORD00245,P0031,2,299.99,0.1,599.98,60.0,539.98
718,ORD00245,P0024,1,24.99,0.0,24.99,0.0,24.99
719,ORD00246,P0011,4,15.99,0.25,63.96,15.99,47.97
720,ORD00246,P0001,4,1299.99,0.25,5199.96,1299.99,3899.97
721,ORD00246,P0007,2,149.99,0.0,299.98,0.0,299.98
722,ORD00247,P0045,4,4.99,0.05,19.96,1.0,18.96
723,ORD00247,P0030,4,15.99,0.1,63.96,6.4,57.56
724,ORD00248,P0035,4,129.99,0.0,519.96,0.0,519.96
725,ORD00249,P0018,1,189.99,0.0,189.99,0.0,189.99
726,ORD00249,P0050,1,39.99,0.0,39.99,0.0,39.99
727,ORD00250,P0029,4,29.99,0.0,119.96,0.0,119.96
728,ORD00250,P0031,1,299.99,0.15,299.99,45.0,254.99
729,ORD00251,P0017,4,32.99,0.0,131.96,0.0,131.96
730,ORD00251,P0037,4,24.99,0.0,99.96,0.0,99.96
731,ORD00251,P0050,2,39.99,0.05,79.98,4.0,75.98
732,ORD00252,P0021,4,499.99,0.05,1999.96,100.0,1899.96
733,ORD00252,P0014,2,24.99,0.15,49.98,7.5,42.48
734,ORD00252,P0029,4,29.99,0.15,119.96,17.99,101.97
735,ORD00252,P0032,3,249.99,0.05,749.97,37.5,712.47
736,ORD00253,P0026,3,69.99,0.05,209.97,10.5,199.47
737,ORD00253,P0020,2,14.99,0.0,29.98,0.0,29.98
738,ORD00253,P0007,3,149.99,0.0,449.97,0.0,449.97
739,ORD00254,P0032,2,249.99,0.0,499.98,0.0,499.98
740,ORD00254,P0006,2,79.99,0.0,159.98,0.0,159.98
741,ORD00254,P0012,2,8.99,0.05,17.98,0.9,17.08
742,ORD00255,P0043,1,8.99,0.1,8.99,0.9,8.09
743,ORD00255,P0049,1,19.99,0.05,19.99,1.0,18.99
744,ORD00255,P0045,2,4.99,0.1,9.98,1.0,8.98
745,ORD00255,P0001,3,1299.99,0.0,3899.97,0.0,3899.97
746,ORD00256,P0031,1,299.99,0.15,299.99,45.0,254.99
747,ORD00256,P0009,3,299.99,0.05,899.97,45.0,854.97
748,ORD00256,P0030,1,15.99,0.05,15.99,0.8,15.19
749,ORD00256,P0011,4,15.99,0.0,63.96,0.0,63.96
750,ORD00257,P0050,1,39.99,0.15,39.99,6.0,33.99
751,ORD00258,P0041,3,11.99,0.05,35.97,1.8,34.17
752,ORD00258,P0006,1,79.99,0.1,79.99,8.0,71.99
753,ORD00258,P0046,2,79.99,0.15,159.98,24.0,135.98
754,ORD00258,P0003,1,12.99,0.0,12.99,0.0,12.99
755,ORD00259,P0042,2,5.99,0.0,11.98,0.0,11.98
756,ORD00259,P0040,4,6.99,0.05,27.96,1.4,26.56
757,ORD00259,P0015,4,18.99,0.2,75.96,15.19,60.77
758,ORD00259,P0008,1,45.99,0.15,45.99,6.9,39.09
759,ORD00259,P0041,2,11.99,0.0,23.98,0.0,23.98
760,ORD00260,P0012,4,8.99,0.0,35.96,0.0,35.96
761,ORD00260,P0004,3,89.99,0.0,269.97,0.0,269.97
762,ORD00260,P0018,2,189.99,0.0,379.98,0.0,379.98
763,ORD00260,P0031,4,299.99,0.0,1199.96,0.0,1199.96
764,ORD00260,P0050,3,39.99,0.05,119.97,6.0,113.97
765,ORD00261,P0028,3,12.99,0.0,38.97,0.0,38.97
766,ORD00261,P0040,1,6.99,0.0,6.99,0.0,6.99
767,ORD00261,P0038,4,12.99,0.0,51.96,0.0,51.96
768,ORD00262,P0007,2,149.99,0.0,299.98,0.0,299.98
769,ORD00262,P0024,1,24.99,0.25,24.99,6.25,18.74
770,ORD00262,P0035,4,129.99,0.0,519.96,0.0,519.96
771,ORD00263,P0047,3,24.99,0.0,74.97,0.0,74.97
772,ORD00263,P0002,4,29.99,0.1,119.96,12.0,107.96
773,ORD00263,P0040,4,6.99,0.15,27.96,4.19,23.77
774,ORD00263,P0046,2,79.99,0.1,159.98,16.0,143.98
775,ORD00263,P0045,2,4.99,0.05,9.98,0.5,9.48
776,ORD00264,P0028,4,12.99,0.0,51.96,0.0,51.96
777,ORD00264,P0036,2,19.99,0.15,39.98,6.0,33.98
778,ORD00265,P0018,2,189.99,0.15,379.98,57.0,322.98
779,ORD00265,P0014,1,24.99,0.15,24.99,3.75,21.24
780,ORD00265,P0007,2,149.99,0.0,299.98,0.0,299.98
781,ORD00266,P0039,1,29.99,0.2,29.99,6.0,23.99
782,ORD00266,P0020,2,14.99,0.1,29.98,3.0,26.98
783,ORD00266,P0033,1,149.99,0.1,149.99,15.0,134.99
784,ORD00266,P0009,1,299.99,0.05,299.99,15.0,284.99
785,ORD00267,P0034,2,89.99,0.1,179.98,18.0,161.98
786,ORD00267,P0050,2,39.99,0.25,79.98,20.0,59.98
787,ORD00267,P0001,2,1299.99,0.15,2599.98,390.0,2209.98
788,ORD00267,P0029,3,29.99,0.0,89.97,0.0,89.97
789,ORD00268,P0015,2,18.99,0.1,37.98,3.8,34.18
790,ORD00268,P0010,4,499.99,0.0,1999.96,0.0,1999.96
791,ORD00269,P0026,4,69.99,0.0,279.96,0.0,279.96
792,ORD00269,P0009,1,299.99,0.05,299.99,15.0,284.99
793,ORD00269,P0013,2,12.99,0.0,25.98,0.0,25.98
794,ORD00269,P0023,3,9.99,0.0,29.97,0.0,29.97
795,ORD00270,P0016,1,25.99,0.05,25.99,1.3,24.69
796,ORD00270,P0007,1,149.99,0.1,149.99,15.0,134.99
797,ORD00270,P0044,3,9.99,0.1,29.97,3.0,26.97
798,ORD00270,P0031,4,299.99,0.05,1199.96,60.0,1139.96
799,ORD00270,P0039,3,29.99,0.1,89.97,9.0,80.97
800,ORD00271,P0037,2,24.99,0.1,49.98,5.0,44.98
801,ORD00272,P0025,3,45.99,0.2,137.97,27.59,110.38
802,ORD00272,P0016,4,25.99,0.0,103.96,0.0,103.96
803,ORD00272,P0001,1,1299.99,0.2,1299.99,260.0,1039.99
804,ORD00272,P0047,4,24.99,0.0,99.96,0.0,99.96
805,ORD00273,P0009,2,299.99,0.1,599.98,60.0,539.98
806,ORD00274,P0004,3,89.99,0.1,269.97,27.0,242.97
807,ORD00274,P0035,1,129.99,0.0,129.99,0.0,129.99
808,ORD00275,P0040,2,6.99,0.0,13.98,0.0,13.98
809,ORD00275,P0002,1,29.99,0.05,29.99,1.5,28.49
810,ORD00275,P0033,4,149.99,0.0,599.96,0.0,599.96
811,ORD00276,P0006,4,79.99,0.0,319.96,0.0,319.96
812,ORD00276,P0034,3,89.99,0.15,269.97,40.5,229.47
813,ORD00276,P0032,2,249.99,0.15,499.98,75.0,424.98
814,ORD00276,P0024,2,24.99,0.1,49.98,5.0,44.98
815,ORD00277,P0009,2,299.99,0.0,599.98,0.0,599.98
816,ORD00277,P0005,1,349.99,0.15,349.99,52.5,297.49
817,ORD00278,P0032,3,249.99,0.15,749.97,112.5,637.47
818,ORD00278,P0017,2,32.99,0.05,65.98,3.3,62.68
819,ORD00278,P0040,3,6.99,0.0,20.97,0.0,20.97
820,ORD00278,P0008,4,45.99,0.2,183.96,36.79,147.17
821,ORD00279,P0027,1,59.99,0.0,59.99,0.0,59.99
822,ORD00280,P0041,1,11.99,0.0,11.99,0.0,11.99
823,ORD00280,P0021,1,499.99,0.15,499.99,75.0,424.99
824,ORD00280,P0023,4,9.99,0.0,39.96,0.0,39.96
825,ORD00281,P0007,3,149.99,0.0,449.97,0.0,449.97
826,ORD00281,P0037,2,24.99,0.05,49.98,2.5,47.48
827,ORD00281,P0030,2,15.99,0.15,31.98,4.8,27.18
828,ORD00281,P0020,2,14.99,0.05,29.98,1.5,28.48
829,ORD00282,P0004,2,89.99,0.05,179.98,9.0,170.98
830,ORD00283,P0039,1,29.99,0.1,29.99,3.0,26.99
831,ORD00283,P0014,4,24.99,0.05,99.96,5.0,94.96
832,ORD00283,P0046,3,79.99,0.05,239.97,12.0,227.97
833,ORD00284,P0050,1,39.99,0.1,39.99,4.0,35.99
834,ORD00285,P0024,3,24.99,0.0,74.97,0.0,74.97
835,ORD00285,P0013,1,12.99,0.15,12.99,1.95,11.04
836,ORD00285,P0042,4,5.99,0.0,23.96,0.0,23.96
837,ORD00285,P0005,2,349.99,0.0,699.98,0.0,699.98
838,ORD00285,P0029,2,29.99,0.15,59.98,9.0,50.98
839,ORD00286,P0048,3,34.99,0.0,104.97,0.0,104.97
840,ORD00286,P0003,4,12.99,0.05,51.96,2.6,49.36
841,ORD00286,P0043,2,8.99,0.15,17.98,2.7,15.28
842,ORD00286,P0035,4,129.99,0.2,519.96,103.99,415.97
843,ORD00287,P0024,2,24.99,0.0,49.98,0.0,49.98
844,ORD00288,P0042,1,5.99,0.15,5.99,0.9,5.09
845,ORD00289,P0026,2,69.99,0.0,139.98,0.0,139.98
846,ORD00289,P0009,1,299.99,0.15,299.99,45.0,254.99
847,ORD00289,P0004,3,89.99,0.0,269.97,0.0,269.97
848,ORD00290,P0027,3,59.99,0.0,179.97,0.0,179.97
849,ORD00290,P0037,2,24.99,0.0,49.98,0.0,49.98
850,ORD00291,P0041,3,11.99,0.0,35.97,0.0,35.97
851,ORD00291,P0043,2,8.99,0.0,17.98,0.0,17.98
852,ORD00291,P0029,4,29.99,0.0,119.96,0.0,119.96
853,ORD00291,P0012,2,8.99,0.1,17.98,1.8,16.18
854,ORD00292,P0037,4,24.99,0.25,99.96,24.99,74.97
855,ORD00292,P0025,4,45.99,0.05,183.96,9.2,174.76
856,ORD00292,P0005,2,349.99,0.0,699.98,0.0,699.98
857,ORD00292,P0019,2,75.99,0.15,151.98,22.8,129.18
858,ORD00292,P0040,1,6.99,0.05,6.99,0.35,6.64
859,ORD00293,P0021,4,499.99,0.1,1999.96,200.0,1799.96
860,ORD00293,P0016,4,25.99,0.0,103.96,0.0,103.96
861,ORD00293,P0029,1,29.99,0.2,29.99,6.0,23.99
862,ORD00293,P0004,4,89.99,0.0,359.96,0.0,359.96
863,ORD00293,P0009,2,299.99,0.0,599.98,0.0,599.98
864,ORD00294,P0024,2,24.99,0.05,49.98,2.5,47.48
865,ORD00295,P0048,4,34.99,0.05,139.96,7.0,132.96
866,ORD00295,P0018,4,189.99,0.0,759.96,0.0,759.96
867,ORD00296,P0025,4,45.99,0.0,183.96,0.0,183.96
868,ORD00296,P0040,4,6.99,0.1,27.96,2.8,25.16
869,ORD00296,P0031,3,299.99,0.0,899.97,0.0,899.97
870,ORD00296,P0021,1,499.99,0.0,499.99,0.0,499.99
871,ORD00296,P0015,3,18.99,0.0,56.97,0.0,56.97
872,ORD00297,P0030,2,15.99,0.2,31.98,6.4,25.58
873,ORD00298,P0028,2,12.99,0.2,25.98,5.2,20.78
874,ORD00298,P0006,3,79.99,0.05,239.97,12.0,227.97
875,ORD00298,P0027,4,59.99,0.1,239.96,24.0,215.96
876,ORD00298,P0040,4,6.99,0.05,27.96,1.4,26.56
877,ORD00299,P0046,1,79.99,0.15,79.99,12.0,67.99
878,ORD00300,P0038,4,12.99,0.15,51.96,7.79,44.17
879,ORD00301,P0002,1,29.99,0.05,29.99,1.5,28.49
880,ORD00301,P0030,2,15.99,0.05,31.98,1.6,30.38
881,ORD00301,P0001,2,1299.99,0.0,2599.98,0.0,2599.98
882,ORD00301,P0028,4,12.99,0.15,51.96,7.79,44.17
883,ORD00302,P0050,1,39.99,0.15,39.99,6.0,33.99
884,ORD00302,P0023,4,9.99,0.05,39.96,2.0,37.96
885,ORD00302,P0049,2,19.99,0.15,39.98,6.0,33.98
886,ORD00303,P0049,2,19.99,0.05,39.98,2.0,37.98
887,ORD00303,P0046,4,79.99,0.0,319.96,0.0,319.96
888,ORD00304,P0046,2,79.99,0.05,159.98,8.0,151.98
889,ORD00305,P0018,4,189.99,0.0,759.96,0.0,759.96
890,ORD00305,P0047,4,24.99,0.15,99.96,14.99,84.97
891,ORD00305,P0048,3,34.99,0.0,104.97,0.0,104.97
892,ORD00305,P0008,4,45.99,0.1,183.96,18.4,165.56
893,ORD00305,P0032,2,249.99,0.0,499.98,0.0,499.98
894,ORD00306,P0038,4,12.99,0.0,51.96,0.0,51.96
895,ORD00306,P0030,2,15.99,0.2,31.98,6.4,25.58
896,ORD00306,P0047,3,24.99,0.0,74.97,0.0,74.97
897,ORD00307,P0033,4,149.99,0.0,599.96,0.0,599.96
898,ORD00308,P0047,1,24.99,0.05,24.99,1.25,23.74
899,ORD00309,P0036,4,19.99,0.0,79.96,0.0,79.96
900,ORD00309,P0044,3,9.99,0.1,29.97,3.0,26.97
901,ORD00309,P0029,3,29.99,0.05,89.97,4.5,85.47
902,ORD00309,P0049,3,19.99,0.0,59.97,0.0,59.97
903,ORD00309,P0037,2,24.99,0.15,49.98,7.5,42.48
904,ORD00310,P0034,2,89.99,0.0,179.98,0.0,179.98
905,ORD00311,P0006,1,79.99,0.05,79.99,4.0,75.99
906,ORD00311,P0020,2,14.99,0.0,29.98,0.0,29.98
907,ORD00311,P0015,2,18.99,0.2,37.98,7.6,30.38
908,ORD00312,P0049,2,19.99,0.25,39.98,9.99,29.98
909,ORD00312,P0009,4,299.99,0.1,1199.96,120.0,1079.96
910,ORD00312,P0018,4,189.99,0.0,759.96,0.0,759.96
911,ORD00313,P0030,3,15.99,0.05,47.97,2.4,45.57
912,ORD00313,P0050,1,39.99,0.0,39.99,0.0,39.99
913,ORD00313,P0046,4,79.99,0.0,319.96,0.0,319.96
914,ORD00314,P0016,2,25.99,0.1,51.98,5.2,46.78
915,ORD00314,P0013,1,12.99,0.05,12.99,0.65,12.34
916,ORD00314,P0011,1,15.99,0.0,15.99,0.0,15.99
917,ORD00314,P0044,4,9.99,0.1,39.96,4.0,35.96
918,ORD00315,P0033,4,149.99,0.0,599.96,0.0,599.96
919,ORD00315,P0009,4,299.99,0.05,1199.96,60.0,1139.96
920,ORD00315,P0032,3,249.99,0.0,749.97,0.0,749.97
921,ORD00315,P0050,4,39.99,0.05,159.96,8.0,151.96
922,ORD00316,P0015,4,18.99,0.15,75.96,11.39,64.57
923,ORD00316,P0016,1,25.99,0.0,25.99,0.0,25.99
924,ORD00316,P0047,3,24.99,0.05,74.97,3.75,71.22
925,ORD00316,P0001,2,1299.99,0.0,2599.98,0.0,2599.98
926,ORD00316,P0022,1,19.99,0.15,19.99,3.0,16.99
927,ORD00317,P0010,1,499.99,0.05,499.99,25.0,474.99
928,ORD00317,P0035,1,129.99,0.15,129.99,19.5,110.49
929,ORD00317,P0024,4,24.99,0.0,99.96,0.0,99.96
930,ORD00317,P0016,2,25.99,0.0,51.98,0.0,51.98
931,ORD00317,P0021,4,499.99,0.0,1999.96,0.0,1999.96
932,ORD00318,P0045,1,4.99,0.0,4.99,0.0,4.99
933,ORD00318,P0014,2,24.99,0.05,49.98,2.5,47.48
934,ORD00318,P0018,2,189.99,0.05,379.98,19.0,360.98
935,ORD00318,P0036,4,19.99,0.0,79.96,0.0,79.96
936,ORD00318,P0025,3,45.99,0.05,137.97,6.9,131.07
937,ORD00319,P0030,2,15.99,0.0,31.98,0.0,31.98
938,ORD00319,P0039,3,29.99,0.0,89.97,0.0,89.97
939,ORD00319,P0019,3,75.99,0.15,227.97,34.2,193.77
940,ORD00320,P0035,2,129.99,0.15,259.98,39.0,220.98
941,ORD00320,P0047,4,24.99,0.15,99.96,14.99,84.97
942,ORD00320,P0018,3,189.99,0.1,569.97,57.0,512.97
943,ORD00320,P0002,3,29.99,0.0,89.97,0.0,89.97
944,ORD00320,P0046,1,79.99,0.2,79.99,16.0,63.99
945,ORD00321,P0008,1,45.99,0.05,45.99,2.3,43.69
946,ORD00321,P0010,4,499.99,0.0,1999.96,0.0,1999.96
947,ORD00321,P0007,1,149.99,0.0,149.99,0.0,149.99
948,ORD00321,P0029,4,29.99,0.15,119.96,17.99,101.97
949,ORD00322,P0043,2,8.99,0.0,17.98,0.0,17.98
950,ORD00322,P0041,2,11.99,0.2,23.98,4.8,19.18
951,ORD00322,P0031,1,299.99,0.05,299.99,15.0,284.99
952,ORD00322,P0045,4,4.99,0.15,19.96,2.99,16.97
953,ORD00323,P0020,1,14.99,0.05,14.99,0.75,14.24
954,ORD00324,P0031,4,299.99,0.1,1199.96,120.0,1079.96
955,ORD00324,P0018,3,189.99,0.1,569.97,57.0,512.97
956,ORD00324,P0016,2,25.99,0.15,51.98,7.8,44.18
957,ORD00324,P0023,3,9.99,0.0,29.97,0.0,29.97
958,ORD00324,P0040,3,6.99,0.15,20.97,3.15,17.82
959,ORD00325,P0026,4,69.99,0.0,279.96,0.0,279.96
960,ORD00325,P0010,1,499.99,0.0,499.99,0.0,499.99
961,ORD00325,P0050,4,39.99,0.0,159.96,0.0,159.96
962,ORD00326,P0032,2,249.99,0.1,499.98,50.0,449.98
963,ORD00326,P0029,2,29.99,0.0,59.98,0.0,59.98
964,ORD00326,P0020,3,14.99,0.05,44.97,2.25,42.72
965,ORD00326,P0022,3,19.99,0.1,59.97,6.0,53.97
966,ORD00326,P0030,1,15.99,0.15,15.99,2.4,13.59
967,ORD00327,P0025,4,45.99,0.1,183.96,18.4,165.56
968,ORD00327,P0027,2,59.99,0.0,119.98,0.0,119.98
969,ORD00328,P0016,1,25.99,0.1,25.99,2.6,23.39
970,ORD00328,P0024,1,24.99,0.0,24.99,0.0,24.99
971,ORD00328,P0010,2,499.99,0.0,999.98,0.0,999.98
972,ORD00329,P0022,1,19.99,0.05,19.99,1.0,18.99
973,ORD00329,P0035,2,129.99,0.05,259.98,13.0,246.98
974,ORD00329,P0015,1,18.99,0.0,18.99,0.0,18.99
975,ORD00329,P0047,1,24.99,0.0,24.99,0.0,24.99
976,ORD00329,P0033,3,149.99,0.15,449.97,67.5,382.47
977,ORD00330,P0026,3,69.99,0.15,209.97,31.5,178.47
978,ORD00330,P0022,3,19.99,0.1,59.97,6.0,53.97
979,ORD00330,P0005,2,349.99,0.0,699.98,0.0,699.98
980,ORD00330,P0049,1,19.99,0.0,19.99,0.0,19.99
981,ORD00330,P0007,4,149.99,0.2,599.96,119.99,479.97
982,ORD00331,P0023,4,9.99,0.1,39.96,4.0,35.96
983,ORD00331,P0006,4,79.99,0.1,319.96,32.0,287.96
984,ORD00331,P0031,3,299.99,0.0,899.97,0.0,899.97
985,ORD00331,P0027,3,59.99,0.05,179.97,9.0,170.97
986,ORD00332,P0025,2,45.99,0.0,91.98,0.0,91.98
987,ORD00332,P0001,2,1299.99,0.0,2599.98,0.0,2599.98
988,ORD00332,P0029,2,29.99,0.05,59.98,3.0,56.98
989,ORD00333,P0033,2,149.99,0.0,299.98,0.0,299.98
990,ORD00334,P0014,4,24.99,0.05,99.96,5.0,94.96
991,ORD00335,P0034,1,89.99,0.0,89.99,0.0,89.99
992,ORD00335,P0026,3,69.99,0.0,209.97,0.0,209.97
993,ORD00335,P0037,4,24.99,0.1,99.96,10.0,89.96
994,ORD00335,P0014,1,24.99,0.0,24.99,0.0,24.99
995,ORD00336,P0009,4,299.99,0.15,1199.96,179.99,1019.97
996,ORD00336,P0022,4,19.99,0.0,79.96,0.0,79.96
997,ORD00336,P0026,2,69.99,0.2,139.98,28.0,111.98
998,ORD00337,P0009,2,299.99,0.15,599.98,90.0,509.98
999,ORD00337,P0025,2,45.99,0.2,91.98,18.4,73.58
1000,ORD00337,P0042,4,5.99,0.0,23.96,0.0,23.96
1001,ORD00337,P0012,2,8.99,0.15,17.98,2.7,15.28
1002,ORD00337,P0034,4,89.99,0.15,359.96,53.99,305.97
1003,ORD00338,P0040,1,6.99,0.0,6.99,0.0,6.99
1004,ORD00338,P0045,3,4.99,0.25,14.97,3.74,11.23
1005,ORD00338,P0023,2,9.99,0.0,19.98,0.0,19.98
1006,ORD00338,P0017,3,32.99,0.1,98.97,9.9,89.07
1007,ORD00338,P0026,1,69.99,0.05,69.99,3.5,66.49
1008,ORD00339,P0002,2,29.99,0.0,59.98,0.0,59.98
1009,ORD00339,P0005,4,349.99,0.2,1399.96,279.99,1119.97
1010,ORD00339,P0010,2,499.99,0.0,999.98,0.0,999.98
1011,ORD00339,P0029,2,29.99,0.0,59.98,0.0,59.98
1012,ORD00340,P0009,4,299.99,0.25,1199.96,299.99,899.97
1013,ORD00340,P0001,3,1299.99,0.05,3899.97,195.0,3704.97
1014,ORD00340,P0012,3,8.99,0.0,26.97,0.0,26.97
1015,ORD00340,P0033,4,149.99,0.1,599.96,60.0,539.96
1016,ORD00340,P0029,3,29.99,0.0,89.97,0.0,89.97
1017,ORD00341,P0009,1,299.99,0.2,299.99,60.0,239.99
1018,ORD00341,P0044,3,9.99,0.1,29.97,3.0,26.97
1019,ORD00341,P0043,4,8.99,0.05,35.96,1.8,34.16
1020,ORD00342,P0045,4,4.99,0.15,19.96,2.99,16.97
1021,ORD00343,P0037,2,24.99,0.15,49.98,7.5,42.48
1022,ORD00343,P0035,2,129.99,0.2,259.98,52.0,207.98
1023,ORD00343,P0003,4,12.99,0.0,51.96,0.0,51.96
1024,ORD00344,P0027,4,59.99,0.15,239.96,35.99,203.97
1025,ORD00344,P0011,1,15.99,0.15,15.99,2.4,13.59
1026,ORD00344,P0019,4,75.99,0.0,303.96,0.0,303.96
1027,ORD00344,P0029,4,29.99,0.0,119.96,0.0,119.96
1028,ORD00344,P0012,4,8.99,0.0,35.96,0.0,35.96
1029,ORD00345,P0023,4,9.99,0.0,39.96,0.0,39.96
1030,ORD00345,P0006,2,79.99,0.15,159.98,24.0,135.98
1031,ORD00345,P0013,4,12.99,0.05,51.96,2.6,49.36
1032,ORD00345,P0011,1,15.99,0.0,15.99,0.0,15.99
1033,ORD00345,P0050,2,39.99,0.0,79.98,0.0,79.98
1034,ORD00346,P0040,4,6.99,0.05,27.96,1.4,26.56
1035,ORD00346,P0035,3,129.99,0.05,389.97,19.5,370.47
1036,ORD00346,P0025,2,45.99,0.0,91.98,0.0,91.98
1037,ORD00346,P0038,3,12.99,0.1,38.97,3.9,35.07
1038,ORD00346,P0027,3,59.99,0.0,179.97,0.0,179.97
1039,ORD00347,P0042,4,5.99,0.1,23.96,2.4,21.56
1040,ORD00347,P0019,4,75.99,0.2,303.96,60.79,243.17
1041,ORD00347,P0006,1,79.99,0.05,79.99,4.0,75.99
1042,ORD00347,P0045,1,4.99,0.0,4.99,0.0,4.99
1043,ORD00347,P0010,1,499.99,0.0,499.99,0.0,499.99
1044,ORD00348,P0027,3,59.99,0.0,179.97,0.0,179.97
1045,ORD00348,P0035,3,129.99,0.0,389.97,0.0,389.97
1046,ORD00348,P0042,1,5.99,0.15,5.99,0.9,5.09
1047,ORD00348,P0028,3,12.99,0.05,38.97,1.95,37.02
1048,ORD00348,P0006,2,79.99,0.2,159.98,32.0,127.98
1049,ORD00349,P0046,4,79.99,0.1,319.96,32.0,287.96
1050,ORD00349,P0029,4,29.99,0.0,119.96,0.0,119.96
1051,ORD00349,P0033,2,149.99,0.0,299.98,0.0,299.98
1052,ORD00350,P0045,2,4.99,0.0,9.98,0.0,9.98
1053,ORD00350,P0022,4,19.99,0.0,79.96,0.0,79.96
1054,ORD00351,P0030,3,15.99,0.25,47.97,11.99,35.98
1055,ORD00351,P0034,1,89.99,0.05,89.99,4.5,85.49
1056,ORD00351,P0018,2,189.99,0.0,379.98,0.0,379.98
1057,ORD00351,P0015,3,18.99,0.15,56.97,8.55,48.42
1058,ORD00351,P0045,1,4.99,0.0,4.99,0.0,4.99
1059,ORD00352,P0030,1,15.99,0.2,15.99,3.2,12.79
1060,ORD00352,P0040,2,6.99,0.0,13.98,0.0,13.98
1061,ORD00352,P0044,4,9.99,0.0,39.96,0.0,39.96
1062,ORD00352,P0041,4,11.99,0.0,47.96,0.0,47.96
1063,ORD00353,P0033,3,149.99,0.0,449.97,0.0,449.97
1064,ORD00353,P0035,3,129.99,0.05,389.97,19.5,370.47
1065,ORD00354,P0035,2,129.99,0.0,259.98,0.0,259.98
1066,ORD00355,P0010,4,499.99,0.1,1999.96,200.0,1799.96
1067,ORD00355,P0041,1,11.99,0.0,11.99,0.0,11.99
1068,ORD00355,P0037,2,24.99,0.1,49.98,5.0,44.98
1069,ORD00356,P0017,3,32.99,0.0,98.97,0.0,98.97
1070,ORD00356,P0010,3,499.99,0.0,1499.97,0.0,1499.97
1071,ORD00356,P0029,1,29.99,0.0,29.99,0.0,29.99
1072,ORD00357,P0036,3,19.99,0.2,59.97,11.99,47.98
1073,ORD00357,P0021,3,499.99,0.0,1499.97,0.0,1499.97
1074,ORD00357,P0038,2,12.99,0.0,25.98,0.0,25.98
1075,ORD00357,P0030,2,15.99,0.0,31.98,0.0,31.98
1076,ORD00357,P0037,1,24.99,0.15,24.99,3.75,21.24
1077,ORD00358,P0016,1,25.99,0.15,25.99,3.9,22.09
1078,ORD00358,P0014,1,24.99,0.0,24.99,0.0,24.99
1079,ORD00358,P0006,3,79.99,0.15,239.97,36.0,203.97
1080,ORD00358,P0038,3,12.99,0.2,38.97,7.79,31.18
1081,ORD00359,P0028,3,12.99,0.0,38.97,0.0,38.97
1082,ORD00359,P0014,1,24.99,0.15,24.99,3.75,21.24
1083,ORD00360,P0040,2,6.99,0.1,13.98,1.4,12.58
1084,ORD00360,P0005,4,349.99,0.0,1399.96,0.0,1399.96
1085,ORD00361,P0016,2,25.99,0.0,51.98,0.0,51.98
1086,ORD00361,P0005,1,349.99,0.05,349.99,17.5,332.49
1087,ORD00361,P0047,4,24.99,0.1,99.96,10.0,89.96
1088,ORD00361,P0015,3,18.99,0.15,56.97,8.55,48.42
1089,ORD00361,P0027,2,59.99,0.25,119.98,30.0,89.98
1090,ORD00362,P0037,3,24.99,0.1,74.97,7.5,67.47
1091,ORD00363,P0040,3,6.99,0.0,20.97,0.0,20.97
1092,ORD00363,P0016,2,25.99,0.0,51.98,0.0,51.98
1093,ORD00364,P0049,1,19.99,0.0,19.99,0.0,19.99
1094,ORD00365,P0016,3,25.99,0.15,77.97,11.7,66.27
1095,ORD00365,P0019,3,75.99,0.0,227.97,0.0,227.97
1096,ORD00366,P0001,1,1299.99,0.0,1299.99,0.0,1299.99
1097,ORD00366,P0033,1,149.99,0.0,149.99,0.0,149.99
1098,ORD00366,P0018,2,189.99,0.15,379.98,57.0,322.98
1099,ORD00367,P0046,3,79.99,0.05,239.97,12.0,227.97
1100,ORD00367,P0022,4,19.99,0.0,79.96,0.0,79.96
1101,ORD00367,P0044,1,9.99,0.0,9.99,0.0,9.99
1102,ORD00367,P0008,3,45.99,0.05,137.97,6.9,131.07
1103,ORD00368,P0033,1,149.99,0.15,149.99,22.5,127.49
1104,ORD00368,P0040,4,6.99,0.05,27.96,1.4,26.56
1105,ORD00368,P0029,1,29.99,0.0,29.99,0.0,29.99
1106,ORD00368,P0048,4,34.99,0.0,139.96,0.0,139.96
1107,ORD00369,P0050,2,39.99,0.2,79.98,16.0,63.98
1108,ORD00370,P0018,3,189.99,0.0,569.97,0.0,569.97
1109,ORD00370,P0049,2,19.99,0.0,39.98,0.0,39.98
1110,ORD00370,P0002,2,29.99,0.15,59.98,9.0,50.98
1111,ORD00371,P0009,1,299.99,0.15,299.99,45.0,254.99
1112,ORD00371,P0005,4,349.99,0.0,1399.96,0.0,1399.96
1113,ORD00371,P0028,2,12.99,0.1,25.98,2.6,23.38
1114,ORD00371,P0035,3,129.99,0.15,389.97,58.5,331.47
1115,ORD00371,P0030,1,15.99,0.0,15.99,0.0,15.99
1116,ORD00372,P0009,1,299.99,0.1,299.99,30.0,269.99
1117,ORD00372,P0044,1,9.99,0.1,9.99,1.0,8.99
1118,ORD00372,P0016,4,25.99,0.1,103.96,10.4,93.56
1119,ORD00372,P0001,1,1299.99,0.05,1299.99,65.0,1234.99
1120,ORD00373,P0043,2,8.99,0.15,17.98,2.7,15.28
1121,ORD00373,P0021,3,499.99,0.0,1499.97,0.0,1499.97
1122,ORD00374,P0025,1,45.99,0.1,45.99,4.6,41.39
1123,ORD00374,P0049,1,19.99,0.0,19.99,0.0,19.99
1124,ORD00374,P0005,4,349.99,0.15,1399.96,209.99,1189.97
1125,ORD00375,P0023,1,9.99,0.0,9.99,0.0,9.99
1126,ORD00375,P0008,3,45.99,0.05,137.97,6.9,131.07
1127,ORD00375,P0041,2,11.99,0.0,23.98,0.0,23.98
1128,ORD00376,P0030,2,15.99,0.0,31.98,0.0,31.98
1129,ORD00376,P0014,3,24.99,0.25,74.97,18.74,56.23
1130,ORD00377,P0003,4,12.99,0.15,51.96,7.79,44.17
1131,ORD00378,P0049,4,19.99,0.15,79.96,11.99,67.97
1132,ORD00378,P0030,3,15.99,0.05,47.97,2.4,45.57
1133,ORD00378,P0026,4,69.99,0.2,279.96,55.99,223.97
1134,ORD00378,P0040,2,6.99,0.0,13.98,0.0,13.98
1135,ORD00379,P0012,3,8.99,0.15,26.97,4.05,22.92
1136,ORD00379,P0026,3,69.99,0.05,209.97,10.5,199.47
1137,ORD00379,P0020,3,14.99,0.0,44.97,0.0,44.97
1138,ORD00379,P0043,4,8.99,0.0,35.96,0.0,35.96
1139,ORD00380,P0021,2,499.99,0.0,999.98,0.0,999.98
1140,ORD00380,P0011,4,15.99,0.0,63.96,0.0,63.96
1141,ORD00380,P0046,2,79.99,0.1,159.98,16.0,143.98
1142,ORD00380,P0009,2,299.99,0.0,599.98,0.0,599.98
1143,ORD00381,P0016,3,25.99,0.1,77.97,7.8,70.17
1144,ORD00381,P0050,2,39.99,0.2,79.98,16.0,63.98
1145,ORD00381,P0026,3,69.99,0.05,209.97,10.5,199.47
1146,ORD00381,P0003,3,12.99,0.05,38.97,1.95,37.02
1147,ORD00381,P0025,1,45.99,0.2,45.99,9.2,36.79
1148,ORD00382,P0011,4,15.99,0.0,63.96,0.0,63.96
1149,ORD00382,P0018,3,189.99,0.0,569.97,0.0,569.97
1150,ORD00382,P0030,2,15.99,0.0,31.98,0.0,31.98
1151,ORD00382,P0023,4,9.99,0.0,39.96,0.0,39.96
1152,ORD00383,P0036,2,19.99,0.15,39.98,6.0,33.98
1153,ORD00383,P0010,4,499.99,0.0,1999.96,0.0,1999.96
1154,ORD00383,P0029,3,29.99,0.0,89.97,0.0,89.97
1155,ORD00384,P0009,4,299.99,0.0,1199.96,0.0,1199.96
1156,ORD00384,P0028,4,12.99,0.0,51.96,0.0,51.96
1157,ORD00384,P0039,4,29.99,0.15,119.96,17.99,101.97
1158,ORD00385,P0044,1,9.99,0.05,9.99,0.5,9.49
1159,ORD00385,P0030,3,15.99,0.1,47.97,4.8,43.17
1160,ORD00386,P0042,4,5.99,0.1,23.96,2.4,21.56
1161,ORD00386,P0026,3,69.99,0.05,209.97,10.5,199.47
1162,ORD00386,P0019,4,75.99,0.05,303.96,15.2,288.76
1163,ORD00386,P0034,3,89.99,0.05,269.97,13.5,256.47
1164,ORD00387,P0012,4,8.99,0.05,35.96,1.8,34.16
1165,ORD00387,P0037,1,24.99,0.0,24.99,0.0,24.99
1166,ORD00387,P0001,2,1299.99,0.0,2599.98,0.0,2599.98
1167,ORD00388,P0013,4,12.99,0.15,51.96,7.79,44.17
1168,ORD00388,P0037,1,24.99,0.0,24.99,0.0,24.99
1169,ORD00388,P0012,3,8.99,0.0,26.97,0.0,26.97
1170,ORD00388,P0045,3,4.99,0.0,14.97,0.0,14.97
1171,ORD00388,P0036,3,19.99,0.0,59.97,0.0,59.97
1172,ORD00389,P0010,1,499.99,0.0,499.99,0.0,499.99
1173,ORD00390,P0022,4,19.99,0.0,79.96,0.0,79.96
1174,ORD00390,P0032,2,249.99,0.0,499.98,0.0,499.98
1175,ORD00390,P0010,1,499.99,0.15,499.99,75.0,424.99
1176,ORD00390,P0007,2,149.99,0.05,299.98,15.0,284.98
1177,ORD00390,P0001,3,1299.99,0.0,3899.97,0.0,3899.97
1178,ORD00391,P0022,2,19.99,0.2,39.98,8.0,31.98
1179,ORD00392,P0023,2,9.99,0.0,19.98,0.0,19.98
1180,ORD00392,P0010,3,499.99,0.15,1499.97,225.0,1274.97
1181,ORD00392,P0049,3,19.99,0.1,59.97,6.0,53.97
1182,ORD00393,P0020,1,14.99,0.15,14.99,2.25,12.74
1183,ORD00393,P0036,4,19.99,0.15,79.96,11.99,67.97
1184,ORD00393,P0049,2,19.99,0.15,39.98,6.0,33.98
1185,ORD00393,P0007,1,149.99,0.2,149.99,30.0,119.99
1186,ORD00393,P0027,3,59.99,0.0,179.97,0.0,179.97
1187,ORD00394,P0039,1,29.99,0.1,29.99,3.0,26.99
1188,ORD00394,P0003,3,12.99,0.0,38.97,0.0,38.97
1189,ORD00394,P0040,4,6.99,0.0,27.96,0.0,27.96
1190,ORD00394,P0027,2,59.99,0.0,119.98,0.0,119.98
1191,ORD00394,P0025,3,45.99,0.25,137.97,34.49,103.48
1192,ORD00395,P0039,1,29.99,0.0,29.99,0.0,29.99
1193,ORD00395,P0017,3,32.99,0.1,98.97,9.9,89.07
1194,ORD00395,P0008,2,45.99,0.25,91.98,23.0,68.98
1195,ORD00395,P0029,2,29.99,0.0,59.98,0.0,59.98
1196,ORD00395,P0011,4,15.99,0.1,63.96,6.4,57.56
1197,ORD00396,P0010,2,499.99,0.15,999.98,150.0,849.98
1198,ORD00396,P0012,2,8.99,0.0,17.98,0.0,17.98
1199,ORD00396,P0005,2,349.99,0.0,699.98,0.0,699.98
1200,ORD00396,P0008,2,45.99,0.15,91.98,13.8,78.18
1201,ORD00396,P0043,1,8.99,0.0,8.99,0.0,8.99
1202,ORD00397,P0016,3,25.99,0.1,77.97,7.8,70.17
1203,ORD00397,P0034,2,89.99,0.2,179.98,36.0,143.98
1204,ORD00398,P0034,3,89.99,0.1,269.97,27.0,242.97
1205,ORD00398,P0046,1,79.99,0.15,79.99,12.0,67.99
1206,ORD00398,P0007,1,149.99,0.15,149.99,22.5,127.49
1207,ORD00398,P0023,4,9.99,0.0,39.96,0.0,39.96
1208,ORD00399,P0044,1,9.99,0.05,9.99,0.5,9.49
1209,ORD00399,P0030,3,15.99,0.0,47.97,0.0,47.97
1210,ORD00399,P0026,2,69.99,0.0,139.98,0.0,139.98
1211,ORD00400,P0011,2,15.99,0.2,31.98,6.4,25.58
1212,ORD00400,P0013,2,12.99,0.15,25.98,3.9,22.08
1213,ORD00401,P0043,2,8.99,0.0,17.98,0.0,17.98
1214,ORD00401,P0011,2,15.99,0.2,31.98,6.4,25.58
1215,ORD00401,P0007,3,149.99,0.05,449.97,22.5,427.47
1216,ORD00401,P0020,2,14.99,0.1,29.98,3.0,26.98
1217,ORD00402,P0024,4,24.99,0.0,99.96,0.0,99.96
1218,ORD00402,P0041,1,11.99,0.2,11.99,2.4,9.59
1219,ORD00402,P0028,3,12.99,0.1,38.97,3.9,35.07
1220,ORD00402,P0005,4,349.99,0.2,1399.96,279.99,1119.97
1221,ORD00403,P0002,4,29.99,0.2,119.96,23.99,95.97
1222,ORD00403,P0027,1,59.99,0.05,59.99,3.0,56.99
1223,ORD00403,P0049,2,19.99,0.15,39.98,6.0,33.98
1224,ORD00403,P0006,1,79.99,0.0,79.99,0.0,79.99
1225,ORD00404,P0018,4,189.99,0.05,759.96,38.0,721.96
1226,ORD00405,P0009,2,299.99,0.1,599.98,60.0,539.98
1227,ORD00405,P0007,1,149.99,0.0,149.99,0.0,149.99
1228,ORD00406,P0041,3,11.99,0.05,35.97,1.8,34.17
1229,ORD00406,P0005,2,349.99,0.0,699.98,0.0,699.98
1230,ORD00406,P0008,4,45.99,0.05,183.96,9.2,174.76
1231,ORD00406,P0014,1,24.99,0.15,24.99,3.75,21.24
1232,ORD00406,P0033,1,149.99,0.15,149.99,22.5,127.49
1233,ORD00407,P0044,3,9.99,0.2,29.97,5.99,23.98
1234,ORD00407,P0032,4,249.99,0.05,999.96,50.0,949.96
1235,ORD00407,P0037,1,24.99,0.05,24.99,1.25,23.74
1236,ORD00407,P0002,1,29.99,0.2,29.99,6.0,23.99
1237,ORD00407,P0040,3,6.99,0.15,20.97,3.15,17.82
1238,ORD00408,P0019,4,75.99,0.1,303.96,30.4,273.56
1239,ORD00408,P0014,3,24.99,0.15,74.97,11.25,63.72
1240,ORD00408,P0028,2,12.99,0.2,25.98,5.2,20.78
1241,ORD00408,P0032,3,249.99,0.25,749.97,187.49,562.48
1242,ORD00408,P0034,4,89.99,0.1,359.96,36.0,323.96
1243,ORD00409,P0011,2,15.99,0.15,31.98,4.8,27.18
1244,ORD00409,P0007,1,149.99,0.0,149.99,0.0,149.99
1245,ORD00409,P0046,4,79.99,0.0,319.96,0.0,319.96
1246,ORD00410,P0028,4,12.99,0.2,51.96,10.39,41.57
1247,ORD00410,P0033,1,149.99,0.15,149.99,22.5,127.49
1248,ORD00410,P0016,3,25.99,0.0,77.97,0.0,77.97
1249,ORD00410,P0018,3,189.99,0.05,569.97,28.5,541.47
1250,ORD00410,P0008,4,45.99,0.1,183.96,18.4,165.56
1251,ORD00411,P0027,4,59.99,0.2,239.96,47.99,191.97
1252,ORD00411,P0041,4,11.99,0.1,47.96,4.8,43.16
1253,ORD00411,P0040,1,6.99,0.0,6.99,0.0,6.99
1254,ORD00411,P0021,4,499.99,0.1,1999.96,200.0,1799.96
1255,ORD00411,P0044,1,9.99,0.05,9.99,0.5,9.49
1256,ORD00412,P0046,3,79.99,0.05,239.97,12.0,227.97
1257,ORD00412,P0024,2,24.99,0.05,49.98,2.5,47.48
1258,ORD00412,P0035,1,129.99,0.15,129.99,19.5,110.49
1259,ORD00412,P0008,2,45.99,0.0,91.98,0.0,91.98
1260,ORD00413,P0020,2,14.99,0.0,29.98,0.0,29.98
1261,ORD00413,P0019,1,75.99,0.0,75.99,0.0,75.99
1262,ORD00413,P0015,2,18.99,0.0,37.98,0.0,37.98
1263,ORD00413,P0021,4,499.99,0.15,1999.96,299.99,1699.97
1264,ORD00414,P0008,1,45.99,0.0,45.99,0.0,45.99
1265,ORD00414,P0037,1,24.99,0.05,24.99,1.25,23.74
1266,ORD00415,P0049,3,19.99,0.0,59.97,0.0,59.97
1267,ORD00415,P0005,1,349.99,0.05,349.99,17.5,332.49
1268,ORD00415,P0014,2,24.99,0.1,49.98,5.0,44.98
1269,ORD00415,P0044,2,9.99,0.05,19.98,1.0,18.98
1270,ORD00415,P0006,4,79.99,0.0,319.96,0.0,319.96
1271,ORD00416,P0044,1,9.99,0.05,9.99,0.5,9.49
1272,ORD00416,P0024,1,24.99,0.15,24.99,3.75,21.24
1273,ORD00416,P0003,2,12.99,0.1,25.98,2.6,23.38
1274,ORD00416,P0039,4,29.99,0.15,119.96,17.99,101.97
1275,ORD00416,P0002,3,29.99,0.1,89.97,9.0,80.97
1276,ORD00417,P0043,1,8.99,0.15,8.99,1.35,7.64
1277,ORD00418,P0046,2,79.99,0.1,159.98,16.0,143.98
1278,ORD00418,P0029,3,29.99,0.0,89.97,0.0,89.97
1279,ORD00418,P0010,2,499.99,0.25,999.98,250.0,749.98
1280,ORD00418,P0050,4,39.99,0.1,159.96,16.0,143.96
1281,ORD00419,P0012,2,8.99,0.05,17.98,0.9,17.08
1282,ORD00419,P0004,2,89.99,0.2,179.98,36.0,143.98
1283,ORD00419,P0030,1,15.99,0.15,15.99,2.4,13.59
1284,ORD00419,P0042,1,5.99,0.1,5.99,0.6,5.39
1285,ORD00420,P0009,2,299.99,0.0,599.98,0.0,599.98
1286,ORD00420,P0004,1,89.99,0.05,89.99,4.5,85.49
1287,ORD00420,P0029,3,29.99,0.05,89.97,4.5,85.47
1288,ORD00421,P0005,1,349.99,0.1,349.99,35.0,314.99
1289,ORD00421,P0024,4,24.99,0.0,99.96,0.0,99.96
1290,ORD00421,P0038,2,12.99,0.0,25.98,0.0,25.98
1291,ORD00421,P0044,1,9.99,0.1,9.99,1.0,8.99
1292,ORD00421,P0017,2,32.99,0.1,65.98,6.6,59.38
1293,ORD00422,P0031,4,299.99,0.1,1199.96,120.0,1079.96
1294,ORD00422,P0019,2,75.99,0.0,151.98,0.0,151.98
1295,ORD00422,P0024,4,24.99,0.1,99.96,10.0,89.96
1296,ORD00422,P0001,2,1299.99,0.1,2599.98,260.0,2339.98
1297,ORD00423,P0035,2,129.99,0.05,259.98,13.0,246.98
1298,ORD00423,P0020,3,14.99,0.1,44.97,4.5,40.47
1299,ORD00423,P0048,1,34.99,0.05,34.99,1.75,33.24
1300,ORD00423,P0013,3,12.99,0.0,38.97,0.0,38.97
1301,ORD00424,P0042,2,5.99,0.2,11.98,2.4,9.58
1302,ORD00425,P0029,1,29.99,0.05,29.99,1.5,28.49
1303,ORD00425,P0038,4,12.99,0.0,51.96,0.0,51.96
1304,ORD00425,P0006,2,79.99,0.05,159.98,8.0,151.98
1305,ORD00426,P0027,4,59.99,0.1,239.96,24.0,215.96
1306,ORD00426,P0050,4,39.99,0.25,159.96,39.99,119.97
1307,ORD00426,P0049,1,19.99,0.0,19.99,0.0,19.99
1308,ORD00426,P0014,1,24.99,0.0,24.99,0.0,24.99
1309,ORD00427,P0044,3,9.99,0.2,29.97,5.99,23.98
1310,ORD00427,P0028,4,12.99,0.0,51.96,0.0,51.96
1311,ORD00427,P0023,1,9.99,0.1,9.99,1.0,8.99
1312,ORD00427,P0025,2,45.99,0.05,91.98,4.6,87.38
1313,ORD00427,P0009,3,299.99,0.0,899.97,0.0,899.97
1314,ORD00428,P0019,4,75.99,0.0,303.96,0.0,303.96
1315,ORD00428,P0045,2,4.99,0.05,9.98,0.5,9.48
1316,ORD00429,P0001,3,1299.99,0.0,3899.97,0.0,3899.97
1317,ORD00429,P0033,4,149.99,0.1,599.96,60.0,539.96
1318,ORD00429,P0008,4,45.99,0.2,183.96,36.79,147.17
1319,ORD00429,P0021,1,499.99,0.1,499.99,50.0,449.99
1320,ORD00429,P0012,2,8.99,0.15,17.98,2.7,15.28
1321,ORD00430,P0036,1,19.99,0.05,19.99,1.0,18.99
1322,ORD00431,P0012,1,8.99,0.05,8.99,0.45,8.54
1323,ORD00432,P0037,3,24.99,0.1,74.97,7.5,67.47
1324,ORD00432,P0046,2,79.99,0.0,159.98,0.0,159.98
1325,ORD00432,P0033,4,149.99,0.0,599.96,0.0,599.96
1326,ORD00433,P0016,4,25.99,0.0,103.96,0.0,103.96
1327,ORD00433,P0045,2,4.99,0.15,9.98,1.5,8.48
1328,ORD00434,P0003,4,12.99,0.15,51.96,7.79,44.17
1329,ORD00434,P0029,1,29.99,0.05,29.99,1.5,28.49
1330,ORD00434,P0013,4,12.99,0.15,51.96,7.79,44.17
1331,ORD00434,P0023,4,9.99,0.15,39.96,5.99,33.97
1332,ORD00434,P0031,3,299.99,0.2,899.97,179.99,719.98
1333,ORD00435,P0039,3,29.99,0.0,89.97,0.0,89.97
1334,ORD00435,P0008,1,45.99,0.0,45.99,0.0,45.99
1335,ORD00435,P0044,3,9.99,0.0,29.97,0.0,29.97
1336,ORD00436,P0030,1,15.99,0.0,15.99,0.0,15.99
1337,ORD00436,P0049,1,19.99,0.0,19.99,0.0,19.99
1338,ORD00436,P0034,4,89.99,0.15,359.96,53.99,305.97
1339,ORD00437,P0042,4,5.99,0.15,23.96,3.59,20.37
1340,ORD00437,P0001,3,1299.99,0.0,3899.97,0.0,3899.97
1341,ORD00437,P0013,4,12.99,0.0,51.96,0.0,51.96
1342,ORD00438,P0010,2,499.99,0.0,999.98,0.0,999.98
1343,ORD00438,P0011,2,15.99,0.0,31.98,0.0,31.98
1344,ORD00438,P0043,2,8.99,0.15,17.98,2.7,15.28
1345,ORD00439,P0010,1,499.99,0.0,499.99,0.0,499.99
1346,ORD00439,P0019,3,75.99,0.0,227.97,0.0,227.97
1347,ORD00439,P0035,1,129.99,0.0,129.99,0.0,129.99
1348,ORD00440,P0029,1,29.99,0.05,29.99,1.5,28.49
1349,ORD00441,P0029,3,29.99,0.0,89.97,0.0,89.97
1350,ORD00441,P0001,4,1299.99,0.05,5199.96,260.0,4939.96
1351,ORD00442,P0021,3,499.99,0.0,1499.97,0.0,1499.97
1352,ORD00442,P0046,3,79.99,0.2,239.97,47.99,191.98
1353,ORD00442,P0013,3,12.99,0.05,38.97,1.95,37.02
1354,ORD00442,P0028,2,12.99,0.25,25.98,6.5,19.48
1355,ORD00443,P0031,1,299.99,0.05,299.99,15.0,284.99
1356,ORD00444,P0020,1,14.99,0.25,14.99,3.75,11.24
1357,ORD00444,P0014,2,24.99,0.05,49.98,2.5,47.48
1358,ORD00444,P0018,3,189.99,0.15,569.97,85.5,484.47
1359,ORD00444,P0008,4,45.99,0.05,183.96,9.2,174.76
1360,ORD00444,P0040,4,6.99,0.25,27.96,6.99,20.97
1361,ORD00445,P0039,4,29.99,0.1,119.96,12.0,107.96
1362,ORD00445,P0028,1,12.99,0.05,12.99,0.65,12.34
1363,ORD00445,P0021,3,499.99,0.05,1499.97,75.0,1424.97
1364,ORD00445,P0015,3,18.99,0.0,56.97,0.0,56.97
1365,ORD00446,P0037,2,24.99,0.15,49.98,7.5,42.48
1366,ORD00446,P0041,4,11.99,0.2,47.96,9.59,38.37
1367,ORD00446,P0027,4,59.99,0.0,239.96,0.0,239.96
1368,ORD00447,P0026,4,69.99,0.0,279.96,0.0,279.96
1369,ORD00447,P0046,3,79.99,0.2,239.97,47.99,191.98
1370,ORD00447,P0029,4,29.99,0.1,119.96,12.0,107.96
1371,ORD00447,P0031,2,299.99,0.0,599.98,0.0,599.98
1372,ORD00447,P0044,2,9.99,0.15,19.98,3.0,16.98
1373,ORD00448,P0008,2,45.99,0.0,91.98,0.0,91.98
1374,ORD00448,P0013,4,12.99,0.0,51.96,0.0,51.96
1375,ORD00449,P0017,2,32.99,0.2,65.98,13.2,52.78
1376,ORD00449,P0039,4,29.99,0.05,119.96,6.0,113.96
1377,ORD00449,P0013,4,12.99,0.0,51.96,0.0,51.96
1378,ORD00450,P0018,3,189.99,0.1,569.97,57.0,512.97
1379,ORD00451,P0020,3,14.99,0.15,44.97,6.75,38.22
1380,ORD00451,P0010,1,499.99,0.1,499.99,50.0,449.99
1381,ORD00452,P0007,4,149.99,0.0,599.96,0.0,599.96
1382,ORD00452,P0006,1,79.99,0.15,79.99,12.0,67.99
1383,ORD00452,P0045,2,4.99,0.0,9.98,0.0,9.98
1384,ORD00452,P0041,2,11.99,0.0,23.98,0.0,23.98
1385,ORD00452,P0042,2,5.99,0.0,11.98,0.0,11.98
1386,ORD00453,P0045,3,4.99,0.0,14.97,0.0,14.97
1387,ORD00453,P0016,4,25.99,0.0,103.96,0.0,103.96
1388,ORD00454,P0026,3,69.99,0.05,209.97,10.5,199.47
1389,ORD00454,P0001,4,1299.99,0.15,5199.96,779.99,4419.97
1390,ORD00454,P0034,1,89.99,0.15,89.99,13.5,76.49
1391,ORD00454,P0029,3,29.99,0.15,89.97,13.5,76.47
1392,ORD00454,P0032,1,249.99,0.25,249.99,62.5,187.49
1393,ORD00455,P0019,1,75.99,0.0,75.99,0.0,75.99
1394,ORD00455,P0028,1,12.99,0.05,12.99,0.65,12.34
1395,ORD00455,P0020,3,14.99,0.1,44.97,4.5,40.47
1396,ORD00456,P0005,4,349.99,0.05,1399.96,70.0,1329.96
1397,ORD00456,P0037,4,24.99,0.0,99.96,0.0,99.96
1398,ORD00456,P0004,2,89.99,0.0,179.98,0.0,179.98
1399,ORD00456,P0014,4,24.99,0.0,99.96,0.0,99.96
1400,ORD00457,P0048,2,34.99,0.0,69.98,0.0,69.98
1401,ORD00457,P0049,2,19.99,0.05,39.98,2.0,37.98
1402,ORD00457,P0024,4,24.99,0.0,99.96,0.0,99.96
1403,ORD00457,P0007,2,149.99,0.1,299.98,30.0,269.98
1404,ORD00457,P0043,1,8.99,0.0,8.99,0.0,8.99
1405,ORD00458,P0036,3,19.99,0.15,59.97,9.0,50.97
1406,ORD00458,P0009,3,299.99,0.05,899.97,45.0,854.97
1407,ORD00458,P0010,2,499.99,0.05,999.98,50.0,949.98
1408,ORD00458,P0004,4,89.99,0.05,359.96,18.0,341.96
1409,ORD00458,P0023,2,9.99,0.0,19.98,0.0,19.98
1410,ORD00459,P0032,2,249.99,0.2,499.98,100.0,399.98
1411,ORD00460,P0030,1,15.99,0.1,15.99,1.6,14.39
1412,ORD00460,P0039,2,29.99,0.0,59.98,0.0,59.98
1413,ORD00460,P0014,3,24.99,0.0,74.97,0.0,74.97
1414,ORD00461,P0029,3,29.99,0.05,89.97,4.5,85.47
1415,ORD00462,P0043,2,8.99,0.1,17.98,1.8,16.18
1416,ORD00462,P0047,3,24.99,0.0,74.97,0.0,74.97
1417,ORD00462,P0038,3,12.99,0.0,38.97,0.0,38.97
1418,ORD00463,P0039,4,29.99,0.15,119.96,17.99,101.97
1419,ORD00463,P0021,1,499.99,0.0,499.99,0.0,499.99
1420,ORD00464,P0029,1,29.99,0.0,29.99,0.0,29.99
1421,ORD00464,P0024,3,24.99,0.25,74.97,18.74,56.23
1422,ORD00464,P0043,1,8.99,0.25,8.99,2.25,6.74
1423,ORD00464,P0034,4,89.99,0.15,359.96,53.99,305.97
1424,ORD00464,P0023,4,9.99,0.15,39.96,5.99,33.97
1425,ORD00465,P0001,1,1299.99,0.1,1299.99,130.0,1169.99
1426,ORD00466,P0013,2,12.99,0.0,25.98,0.0,25.98
1427,ORD00466,P0008,3,45.99,0.0,137.97,0.0,137.97
1428,ORD00466,P0034,1,89.99,0.05,89.99,4.5,85.49
1429,ORD00466,P0028,4,12.99,0.05,51.96,2.6,49.36
1430,ORD00467,P0003,3,12.99,0.05,38.97,1.95,37.02
1431,ORD00467,P0007,2,149.99,0.15,299.98,45.0,254.98
1432,ORD00467,P0009,1,299.99,0.0,299.99,0.0,299.99
1433,ORD00468,P0049,4,19.99,0.2,79.96,15.99,63.97
1434,ORD00469,P0015,3,18.99,0.0,56.97,0.0,56.97
1435,ORD00469,P0046,3,79.99,0.15,239.97,36.0,203.97
1436,ORD00469,P0037,3,24.99,0.1,74.97,7.5,67.47
1437,ORD00469,P0014,3,24.99,0.25,74.97,18.74,56.23
1438,ORD00470,P0035,4,129.99,0.0,519.96,0.0,519.96
1439,ORD00470,P0034,1,89.99,0.1,89.99,9.0,80.99
1440,ORD00470,P0004,2,89.99,0.15,179.98,27.0,152.98
1441,ORD00470,P0005,4,349.99,0.0,1399.96,0.0,1399.96
1442,ORD00470,P0017,3,32.99,0.0,98.97,0.0,98.97
1443,ORD00471,P0039,3,29.99,0.1,89.97,9.0,80.97
1444,ORD00471,P0015,2,18.99,0.1,37.98,3.8,34.18
1445,ORD00472,P0030,4,15.99,0.0,63.96,0.0,63.96
1446,ORD00472,P0001,3,1299.99,0.05,3899.97,195.0,3704.97
1447,ORD00472,P0038,4,12.99,0.2,51.96,10.39,41.57
1448,ORD00472,P0019,2,75.99,0.0,151.98,0.0,151.98
1449,ORD00473,P0036,2,19.99,0.05,39.98,2.0,37.98
1450,ORD00473,P0011,3,15.99,0.2,47.97,9.59,38.38
1451,ORD00473,P0050,2,39.99,0.0,79.98,0.0,79.98
1452,ORD00473,P0012,4,8.99,0.0,35.96,0.0,35.96
1453,ORD00474,P0007,4,149.99,0.0,599.96,0.0,599.96
1454,ORD00474,P0030,3,15.99,0.05,47.97,2.4,45.57
1455,ORD00475,P0049,1,19.99,0.0,19.99,0.0,19.99
1456,ORD00475,P0036,3,19.99,0.0,59.97,0.0,59.97
1457,ORD00475,P0047,3,24.99,0.05,74.97,3.75,71.22
1458,ORD00475,P0015,1,18.99,0.15,18.99,2.85,16.14
1459,ORD00476,P0027,2,59.99,0.05,119.98,6.0,113.98
1460,ORD00476,P0023,1,9.99,0.2,9.99,2.0,7.99
1461,ORD00476,P0021,1,499.99,0.15,499.99,75.0,424.99
1462,ORD00476,P0047,2,24.99,0.05,49.98,2.5,47.48
1463,ORD00476,P0016,4,25.99,0.25,103.96,25.99,77.97
1464,ORD00477,P0029,2,29.99,0.05,59.98,3.0,56.98
1465,ORD00477,P0033,1,149.99,0.0,149.99,0.0,149.99
1466,ORD00477,P0042,4,5.99,0.0,23.96,0.0,23.96
1467,ORD00478,P0046,1,79.99,0.0,79.99,0.0,79.99
1468,ORD00479,P0020,2,14.99,0.1,29.98,3.0,26.98
1469,ORD00479,P0050,2,39.99,0.05,79.98,4.0,75.98
1470,ORD00480,P0018,1,189.99,0.0,189.99,0.0,189.99
1471,ORD00480,P0012,4,8.99,0.1,35.96,3.6,32.36
1472,ORD00480,P0023,2,9.99,0.0,19.98,0.0,19.98
1473,ORD00480,P0029,2,29.99,0.15,59.98,9.0,50.98
1474,ORD00480,P0026,3,69.99,0.0,209.97,0.0,209.97
1475,ORD00481,P0021,1,499.99,0.0,499.99,0.0,499.99
1476,ORD00481,P0001,2,1299.99,0.05,2599.98,130.0,2469.98
1477,ORD00482,P0001,3,1299.99,0.0,3899.97,0.0,3899.97
1478,ORD00483,P0050,4,39.99,0.0,159.96,0.0,159.96
1479,ORD00483,P0001,1,1299.99,0.0,1299.99,0.0,1299.99
1480,ORD00483,P0045,1,4.99,0.0,4.99,0.0,4.99
1481,ORD00483,P0016,3,25.99,0.05,77.97,3.9,74.07
1482,ORD00483,P0028,2,12.99,0.1,25.98,2.6,23.38
1483,ORD00484,P0015,1,18.99,0.1,18.99,1.9,17.09
1484,ORD00484,P0027,4,59.99,0.15,239.96,35.99,203.97
1485,ORD00484,P0041,3,11.99,0.0,35.97,0.0,35.97
1486,ORD00485,P0009,1,299.99,0.0,299.99,0.0,299.99
1487,ORD00485,P0020,4,14.99,0.0,59.96,0.0,59.96
1488,ORD00485,P0036,4,19.99,0.0,79.96,0.0,79.96
1489,ORD00485,P0016,4,25.99,0.0,103.96,0.0,103.96
1490,ORD00485,P0023,4,9.99,0.1,39.96,4.0,35.96
1491,ORD00486,P0018,2,189.99,0.05,379.98,19.0,360.98
1492,ORD00486,P0031,3,299.99,0.05,899.97,45.0,854.97
1493,ORD00487,P0006,1,79.99,0.15,79.99,12.0,67.99
1494,ORD00487,P0010,1,499.99,0.15,499.99,75.0,424.99
1495,ORD00487,P0033,2,149.99,0.2,299.98,60.0,239.98
1496,ORD00488,P0040,3,6.99,0.1,20.97,2.1,18.87
1497,ORD00488,P0037,1,24.99,0.0,24.99,0.0,24.99
1498,ORD00488,P0017,2,32.99,0.0,65.98,0.0,65.98
1499,ORD00488,P0049,1,19.99,0.15,19.99,3.0,16.99
1500,ORD00489,P0036,1,19.99,0.05,19.99,1.0,18.99
1501,ORD00489,P0046,1,79.99,0.2,79.99,16.0,63.99
1502,ORD00489,P0038,3,12.99,0.1,38.97,3.9,35.07
1503,ORD00490,P0021,2,499.99,0.15,999.98,150.0,849.98
1504,ORD00490,P0012,1,8.99,0.0,8.99,0.0,8.99
1505,ORD00490,P0022,1,19.99,0.0,19.99,0.0,19.99
1506,ORD00490,P0025,1,45.99,0.0,45.99,0.0,45.99
1507,ORD00491,P0019,3,75.99,0.0,227.97,0.0,227.97
1508,ORD00491,P0020,4,14.99,0.25,59.96,14.99,44.97
1509,ORD00492,P0017,4,32.99,0.05,131.96,6.6,125.36
1510,ORD00492,P0030,1,15.99,0.0,15.99,0.0,15.99
1511,ORD00492,P0012,4,8.99,0.0,35.96,0.0,35.96
1512,ORD00492,P0027,1,59.99,0.2,59.99,12.0,47.99
1513,ORD00492,P0014,1,24.99,0.05,24.99,1.25,23.74
1514,ORD00493,P0018,4,189.99,0.15,759.96,113.99,645.97
1515,ORD00494,P0001,4,1299.99,0.0,5199.96,0.0,5199.96
1516,ORD00495,P0013,4,12.99,0.05,51.96,2.6,49.36
1517,ORD00495,P0016,3,25.99,0.25,77.97,19.49,58.48
1518,ORD00495,P0012,4,8.99,0.1,35.96,3.6,32.36
1519,ORD00495,P0039,2,29.99,0.05,59.98,3.0,56.98
1520,ORD00495,P0014,3,24.99,0.0,74.97,0.0,74.97
1521,ORD00496,P0005,1,349.99,0.15,349.99,52.5,297.49
1522,ORD00496,P0014,2,24.99,0.05,49.98,2.5,47.48
1523,ORD00496,P0006,3,79.99,0.05,239.97,12.0,227.97
1524,ORD00496,P0039,1,29.99,0.05,29.99,1.5,28.49
1525,ORD00496,P0007,3,149.99,0.15,449.97,67.5,382.47
1526,ORD00497,P0039,4,29.99,0.1,119.96,12.0,107.96
1527,ORD00497,P0015,2,18.99,0.0,37.98,0.0,37.98
1528,ORD00497,P0042,3,5.99,0.0,17.97,0.0,17.97
1529,ORD00498,P0039,2,29.99,0.0,59.98,0.0,59.98
1530,ORD00498,P0003,3,12.99,0.0,38.97,0.0,38.97
1531,ORD00499,P0030,4,15.99,0.05,63.96,3.2,60.76
1532,ORD00499,P0017,2,32.99,0.15,65.98,9.9,56.08
1533,ORD00499,P0048,1,34.99,0.05,34.99,1.75,33.24
1534,ORD00499,P0003,2,12.99,0.05,25.98,1.3,24.68
1535,ORD00500,P0040,3,6.99,0.05,20.97,1.05,19.92
1536,ORD00500,P0015,1,18.99,0.1,18.99,1.9,17.09
1537,ORD00500,P0002,1,29.99,0.0,29.99,0.0,29.99
1538,ORD00500,P0013,1,12.99,0.05,12.99,0.65,12.34
1539,ORD00500,P0032,4,249.99,0.15,999.96,149.99,849.97
